customer_id,first_name,last_name,email,country,registration_date,customer_segment,lifetime_value
1001,First_0,Last_0,customer0@email.com,USA,2020-01-01 00:00:00,Gold,151.71
1002,First_1,Last_1,customer1@email.com,France,2020-01-01 06:00:00,Bronze,141.83
1003,First_2,Last_2,customer2@email.com,UK,2020-01-01 12:00:00,Bronze,1183.59
1004,First_3,Last_3,customer3@email.com,Canada,2020-01-01 18:00:00,Bronze,143.54
1005,First_4,Last_4,customer4@email.com,USA,2020-01-02 00:00:00,Bronze,158.69
1006,First_5,Last_5,customer5@email.com,USA,2020-01-02 06:00:00,Bronze,712.31
1007,First_6,Last_6,customer6@email.com,USA,2020-01-02 12:00:00,Bronze,298.68
1008,First_7,Last_7,customer7@email.com,Germany,2020-01-02 18:00:00,Bronze,749.64
1009,First_8,Last_8,customer8@email.com,UK,2020-01-03 00:00:00,Silver,33.8
1010,First_9,Last_9,customer9@email.com,UK,2020-01-03 06:00:00,Silver,334.3
1011,First_10,Last_10,customer10@email.com,USA,2020-01-03 12:00:00,Silver,17.1
1012,First_11,Last_11,customer11@email.com,France,2020-01-03 18:00:00,Bronze,32.35
1013,First_12,Last_12,customer12@email.com,Germany,2020-01-04 00:00:00,Bronze,1184.56
1014,First_13,Last_13,customer13@email.com,USA,2020-01-04 06:00:00,Gold,74.97
1015,First_14,Last_14,customer14@email.com,USA,2020-01-04 12:00:00,Bronze,380.09
1016,First_15,Last_15,customer15@email.com,USA,2020-01-04 18:00:00,Bronze,264.75
1017,First_16,Last_16,customer16@email.com,USA,2020-01-05 00:00:00,Gold,213.35
1018,First_17,Last_17,customer17@email.com,Canada,2020-01-05 06:00:00,Bronze,1150.46
1019,First_18,Last_18,customer18@email.com,Canada,2020-01-05 12:00:00,Bronze,11.03
1020,First_19,Last_19,customer19@email.com,USA,2020-01-05 18:00:00,Gold,545.01
1021,First_20,Last_20,customer20@email.com,UK,2020-01-06 00:00:00,Bronze,1653.78
1022,First_21,Last_21,customer21@email.com,USA,2020-01-06 06:00:00,Silver,410.68
1023,First_22,Last_22,customer22@email.com,USA,2020-01-06 12:00:00,Bronze,1380.9
1024,First_23,Last_23,customer23@email.com,USA,2020-01-06 18:00:00,Bronze,26.84
1025,First_24,Last_24,customer24@email.com,Canada,2020-01-07 00:00:00,Bronze,271.32
1026,First_25,Last_25,customer25@email.com,UK,2020-01-07 06:00:00,Silver,150.66
1027,First_26,Last_26,customer26@email.com,USA,2020-01-07 12:00:00,Bronze,656.19
1028,First_27,Last_27,customer27@email.com,Canada,2020-01-07 18:00:00,Bronze,1989.54
1029,First_28,Last_28,customer28@email.com,Canada,2020-01-08 00:00:00,Silver,148.21
1030,First_29,Last_29,customer29@email.com,USA,2020-01-08 06:00:00,Bronze,530.91
1031,First_30,Last_30,customer30@email.com,UK,2020-01-08 12:00:00,Gold,110.38
1032,First_31,Last_31,customer31@email.com,USA,2020-01-08 18:00:00,Bronze,416.58
1033,First_32,Last_32,customer32@email.com,USA,2020-01-09 00:00:00,Silver,311.75
1034,First_33,Last_33,customer33@email.com,France,2020-01-09 06:00:00,Gold,1787.87
1035,First_34,Last_34,customer34@email.com,France,2020-01-09 12:00:00,Gold,468.92
1036,First_35,Last_35,customer35@email.com,Germany,2020-01-09 18:00:00,Bronze,215.01
1037,First_36,Last_36,customer36@email.com,USA,2020-01-10 00:00:00,Silver,60.57
1038,First_37,Last_37,customer37@email.com,USA,2020-01-10 06:00:00,Bronze,81.99
1039,First_38,Last_38,customer38@email.com,UK,2020-01-10 12:00:00,Gold,127.65
1040,First_39,Last_39,customer39@email.com,Canada,2020-01-10 18:00:00,Silver,144.49
1041,First_40,Last_40,customer40@email.com,USA,2020-01-11 00:00:00,Bronze,950.62
1042,First_41,Last_41,customer41@email.com,Canada,2020-01-11 06:00:00,Bronze,411.88
1043,First_42,Last_42,customer42@email.com,USA,2020-01-11 12:00:00,Silver,370.53
1044,First_43,Last_43,customer43@email.com,France,2020-01-11 18:00:00,Bronze,60.95
1045,First_44,Last_44,customer44@email.com,USA,2020-01-12 00:00:00,Bronze,983.56
1046,First_45,Last_45,customer45@email.com,UK,2020-01-12 06:00:00,Bronze,641.53
1047,First_46,Last_46,customer46@email.com,USA,2020-01-12 12:00:00,Silver,35.03
1048,First_47,Last_47,customer47@email.com,Canada,2020-01-12 18:00:00,Gold,615.22
1049,First_48,Last_48,customer48@email.com,Canada,2020-01-13 00:00:00,Bronze,392.13
1050,First_49,Last_49,customer49@email.com,USA,2020-01-13 06:00:00,Gold,42.63
1051,First_50,Last_50,customer50@email.com,France,2020-01-13 12:00:00,Bronze,306.52
1052,First_51,Last_51,customer51@email.com,UK,2020-01-13 18:00:00,Bronze,331.5
1053,First_52,Last_52,customer52@email.com,France,2020-01-14 00:00:00,Bronze,90.63
1054,First_53,Last_53,customer53@email.com,Germany,2020-01-14 06:00:00,Bronze,1456.6
1055,First_54,Last_54,customer54@email.com,Canada,2020-01-14 12:00:00,Bronze,948.48
1056,First_55,Last_55,customer55@email.com,France,2020-01-14 18:00:00,Silver,552.85
1057,First_56,Last_56,customer56@email.com,USA,2020-01-15 00:00:00,Bronze,310.22
1058,First_57,Last_57,customer57@email.com,USA,2020-01-15 06:00:00,Silver,265.31
1059,First_58,Last_58,customer58@email.com,USA,2020-01-15 12:00:00,Silver,526.3
1060,First_59,Last_59,customer59@email.com,USA,2020-01-15 18:00:00,Bronze,394.2
1061,First_60,Last_60,customer60@email.com,USA,2020-01-16 00:00:00,Bronze,32.15
1062,First_61,Last_61,customer61@email.com,USA,2020-01-16 06:00:00,Bronze,359.24
1063,First_62,Last_62,customer62@email.com,Germany,2020-01-16 12:00:00,Bronze,820.99
1064,First_63,Last_63,customer63@email.com,USA,2020-01-16 18:00:00,Silver,307.39
1065,First_64,Last_64,customer64@email.com,USA,2020-01-17 00:00:00,Silver,26.68
1066,First_65,Last_65,customer65@email.com,Canada,2020-01-17 06:00:00,Bronze,771.54
1067,First_66,Last_66,customer66@email.com,USA,2020-01-17 12:00:00,Silver,112.42
1068,First_67,Last_67,customer67@email.com,Germany,2020-01-17 18:00:00,Gold,149.62
1069,First_68,Last_68,customer68@email.com,USA,2020-01-18 00:00:00,Silver,89.99
1070,First_69,Last_69,customer69@email.com,France,2020-01-18 06:00:00,Silver,200.4
1071,First_70,Last_70,customer70@email.com,UK,2020-01-18 12:00:00,Silver,706.84
1072,First_71,Last_71,customer71@email.com,USA,2020-01-18 18:00:00,Silver,366.35
1073,First_72,Last_72,customer72@email.com,USA,2020-01-19 00:00:00,Gold,114.63
1074,First_73,Last_73,customer73@email.com,Germany,2020-01-19 06:00:00,Gold,1051.17
1075,First_74,Last_74,customer74@email.com,UK,2020-01-19 12:00:00,Bronze,1058.39
1076,First_75,Last_75,customer75@email.com,UK,2020-01-19 18:00:00,Silver,1022.34
1077,First_76,Last_76,customer76@email.com,UK,2020-01-20 00:00:00,Silver,136.43
1078,First_77,Last_77,customer77@email.com,USA,2020-01-20 06:00:00,Bronze,300.05
1079,First_78,Last_78,customer78@email.com,USA,2020-01-20 12:00:00,Silver,2099.51
1080,First_79,Last_79,customer79@email.com,USA,2020-01-20 18:00:00,Bronze,739.23
1081,First_80,Last_80,customer80@email.com,Germany,2020-01-21 00:00:00,Bronze,13.77
1082,First_81,Last_81,customer81@email.com,UK,2020-01-21 06:00:00,Gold,33.71
1083,First_82,Last_82,customer82@email.com,USA,2020-01-21 12:00:00,Silver,311.75
1084,First_83,Last_83,customer83@email.com,USA,2020-01-21 18:00:00,Bronze,1199.66
1085,First_84,Last_84,customer84@email.com,USA,2020-01-22 00:00:00,Bronze,386.86
1086,First_85,Last_85,customer85@email.com,USA,2020-01-22 06:00:00,Silver,344.39
1087,First_86,Last_86,customer86@email.com,UK,2020-01-22 12:00:00,Bronze,55.73
1088,First_87,Last_87,customer87@email.com,UK,2020-01-22 18:00:00,Gold,534.69
1089,First_88,Last_88,customer88@email.com,Germany,2020-01-23 00:00:00,Bronze,863.28
1090,First_89,Last_89,customer89@email.com,Canada,2020-01-23 06:00:00,Silver,239.36
1091,First_90,Last_90,customer90@email.com,USA,2020-01-23 12:00:00,Bronze,747.19
1092,First_91,Last_91,customer91@email.com,UK,2020-01-23 18:00:00,Bronze,1668.78
1093,First_92,Last_92,customer92@email.com,UK,2020-01-24 00:00:00,Bronze,113.93
1094,First_93,Last_93,customer93@email.com,Canada,2020-01-24 06:00:00,Bronze,370.47
1095,First_94,Last_94,customer94@email.com,UK,2020-01-24 12:00:00,Silver,169.23
1096,First_95,Last_95,customer95@email.com,Canada,2020-01-24 18:00:00,Gold,787.17
1097,First_96,Last_96,customer96@email.com,Canada,2020-01-25 00:00:00,Silver,430.89
1098,First_97,Last_97,customer97@email.com,Canada,2020-01-25 06:00:00,Gold,503.36
1099,First_98,Last_98,customer98@email.com,USA,2020-01-25 12:00:00,Bronze,799.53
1100,First_99,Last_99,customer99@email.com,USA,2020-01-25 18:00:00,Silver,252.07
1101,First_100,Last_100,customer100@email.com,USA,2020-01-26 00:00:00,Gold,1233.08
1102,First_101,Last_101,customer101@email.com,UK,2020-01-26 06:00:00,Bronze,380.74
1103,First_102,Last_102,customer102@email.com,USA,2020-01-26 12:00:00,Bronze,85.96
1104,First_103,Last_103,customer103@email.com,Canada,2020-01-26 18:00:00,Bronze,595.2
1105,First_104,Last_104,customer104@email.com,France,2020-01-27 00:00:00,Bronze,788.15
1106,First_105,Last_105,customer105@email.com,USA,2020-01-27 06:00:00,Gold,190.46
1107,First_106,Last_106,customer106@email.com,Canada,2020-01-27 12:00:00,Silver,973.08
1108,First_107,Last_107,customer107@email.com,UK,2020-01-27 18:00:00,Bronze,1182.99
1109,First_108,Last_108,customer108@email.com,USA,2020-01-28 00:00:00,Bronze,162.11
1110,First_109,Last_109,customer109@email.com,USA,2020-01-28 06:00:00,Gold,2052.85
1111,First_110,Last_110,customer110@email.com,USA,2020-01-28 12:00:00,Bronze,75.83
1112,First_111,Last_111,customer111@email.com,USA,2020-01-28 18:00:00,Silver,112.83
1113,First_112,Last_112,customer112@email.com,France,2020-01-29 00:00:00,Silver,101.81
1114,First_113,Last_113,customer113@email.com,Germany,2020-01-29 06:00:00,Bronze,1122.11
1115,First_114,Last_114,customer114@email.com,UK,2020-01-29 12:00:00,Bronze,531.08
1116,First_115,Last_115,customer115@email.com,Germany,2020-01-29 18:00:00,Bronze,82.5
1117,First_116,Last_116,customer116@email.com,Germany,2020-01-30 00:00:00,Gold,290.2
1118,First_117,Last_117,customer117@email.com,USA,2020-01-30 06:00:00,Bronze,477.64
1119,First_118,Last_118,customer118@email.com,Germany,2020-01-30 12:00:00,Silver,43.58
1120,First_119,Last_119,customer119@email.com,Canada,2020-01-30 18:00:00,Gold,1070.3
1121,First_120,Last_120,customer120@email.com,Germany,2020-01-31 00:00:00,Bronze,813.81
1122,First_121,Last_121,customer121@email.com,Germany,2020-01-31 06:00:00,Bronze,351.81
1123,First_122,Last_122,customer122@email.com,USA,2020-01-31 12:00:00,Bronze,1707.55
1124,First_123,Last_123,customer123@email.com,USA,2020-01-31 18:00:00,Bronze,270.44
1125,First_124,Last_124,customer124@email.com,USA,2020-02-01 00:00:00,Bronze,2071.04
1126,First_125,Last_125,customer125@email.com,Canada,2020-02-01 06:00:00,Bronze,551.19
1127,First_126,Last_126,customer126@email.com,Germany,2020-02-01 12:00:00,Gold,503.48
1128,First_127,Last_127,customer127@email.com,Germany,2020-02-01 18:00:00,Silver,90.73
1129,First_128,Last_128,customer128@email.com,USA,2020-02-02 00:00:00,Silver,1068.23
1130,First_129,Last_129,customer129@email.com,Canada,2020-02-02 06:00:00,Silver,278.86
1131,First_130,Last_130,customer130@email.com,Canada,2020-02-02 12:00:00,Bronze,88.51
1132,First_131,Last_131,customer131@email.com,USA,2020-02-02 18:00:00,Silver,6.34
1133,First_132,Last_132,customer132@email.com,USA,2020-02-03 00:00:00,Gold,410.21
1134,First_133,Last_133,customer133@email.com,USA,2020-02-03 06:00:00,Silver,374.75
1135,First_134,Last_134,customer134@email.com,France,2020-02-03 12:00:00,Bronze,635.33
1136,First_135,Last_135,customer135@email.com,USA,2020-02-03 18:00:00,Gold,1104.81
1137,First_136,Last_136,customer136@email.com,Canada,2020-02-04 00:00:00,Bronze,41.37
1138,First_137,Last_137,customer137@email.com,UK,2020-02-04 06:00:00,Silver,657.45
1139,First_138,Last_138,customer138@email.com,USA,2020-02-04 12:00:00,Silver,103.77
1140,First_139,Last_139,customer139@email.com,France,2020-02-04 18:00:00,Bronze,976.59
1141,First_140,Last_140,customer140@email.com,France,2020-02-05 00:00:00,Bronze,854.8
1142,First_141,Last_141,customer141@email.com,USA,2020-02-05 06:00:00,Silver,389.13
1143,First_142,Last_142,customer142@email.com,Canada,2020-02-05 12:00:00,Bronze,619.36
1144,First_143,Last_143,customer143@email.com,USA,2020-02-05 18:00:00,Bronze,188.69
1145,First_144,Last_144,customer144@email.com,USA,2020-02-06 00:00:00,Silver,318.54
1146,First_145,Last_145,customer145@email.com,USA,2020-02-06 06:00:00,Bronze,861.97
1147,First_146,Last_146,customer146@email.com,UK,2020-02-06 12:00:00,Bronze,307.41
1148,First_147,Last_147,customer147@email.com,Canada,2020-02-06 18:00:00,Bronze,221.43
1149,First_148,Last_148,customer148@email.com,USA,2020-02-07 00:00:00,Bronze,340.82
1150,First_149,Last_149,customer149@email.com,USA,2020-02-07 06:00:00,Bronze,880.86
1151,First_150,Last_150,customer150@email.com,France,2020-02-07 12:00:00,Bronze,204.14
1152,First_151,Last_151,customer151@email.com,USA,2020-02-07 18:00:00,Bronze,95.44
1153,First_152,Last_152,customer152@email.com,USA,2020-02-08 00:00:00,Bronze,622.42
1154,First_153,Last_153,customer153@email.com,Canada,2020-02-08 06:00:00,Bronze,874.29
1155,First_154,Last_154,customer154@email.com,France,2020-02-08 12:00:00,Bronze,53.03
1156,First_155,Last_155,customer155@email.com,USA,2020-02-08 18:00:00,Bronze,137.14
1157,First_156,Last_156,customer156@email.com,UK,2020-02-09 00:00:00,Gold,76.56
1158,First_157,Last_157,customer157@email.com,UK,2020-02-09 06:00:00,Bronze,213.81
1159,First_158,Last_158,customer158@email.com,USA,2020-02-09 12:00:00,Bronze,299.24
1160,First_159,Last_159,customer159@email.com,UK,2020-02-09 18:00:00,Gold,690.81
1161,First_160,Last_160,customer160@email.com,USA,2020-02-10 00:00:00,Bronze,526.55
1162,First_161,Last_161,customer161@email.com,UK,2020-02-10 06:00:00,Gold,485.02
1163,First_162,Last_162,customer162@email.com,UK,2020-02-10 12:00:00,Silver,217.22
1164,First_163,Last_163,customer163@email.com,Canada,2020-02-10 18:00:00,Bronze,920.83
1165,First_164,Last_164,customer164@email.com,USA,2020-02-11 00:00:00,Gold,318.65
1166,First_165,Last_165,customer165@email.com,Germany,2020-02-11 06:00:00,Bronze,1934.12
1167,First_166,Last_166,customer166@email.com,USA,2020-02-11 12:00:00,Bronze,502.76
1168,First_167,Last_167,customer167@email.com,USA,2020-02-11 18:00:00,Bronze,67.49
1169,First_168,Last_168,customer168@email.com,USA,2020-02-12 00:00:00,Gold,563.78
1170,First_169,Last_169,customer169@email.com,Canada,2020-02-12 06:00:00,Silver,196.6
1171,First_170,Last_170,customer170@email.com,UK,2020-02-12 12:00:00,Bronze,579.7
1172,First_171,Last_171,customer171@email.com,USA,2020-02-12 18:00:00,Bronze,36.09
1173,First_172,Last_172,customer172@email.com,Canada,2020-02-13 00:00:00,Bronze,96.11
1174,First_173,Last_173,customer173@email.com,USA,2020-02-13 06:00:00,Silver,968.06
1175,First_174,Last_174,customer174@email.com,UK,2020-02-13 12:00:00,Bronze,128.85
1176,First_175,Last_175,customer175@email.com,USA,2020-02-13 18:00:00,Bronze,907.13
1177,First_176,Last_176,customer176@email.com,UK,2020-02-14 00:00:00,Bronze,163.75
1178,First_177,Last_177,customer177@email.com,USA,2020-02-14 06:00:00,Gold,514.84
1179,First_178,Last_178,customer178@email.com,France,2020-02-14 12:00:00,Bronze,592.33
1180,First_179,Last_179,customer179@email.com,USA,2020-02-14 18:00:00,Bronze,359.39
1181,First_180,Last_180,customer180@email.com,USA,2020-02-15 00:00:00,Bronze,182.15
1182,First_181,Last_181,customer181@email.com,USA,2020-02-15 06:00:00,Silver,119.54
1183,First_182,Last_182,customer182@email.com,France,2020-02-15 12:00:00,Bronze,16.88
1184,First_183,Last_183,customer183@email.com,Germany,2020-02-15 18:00:00,Bronze,181.16
1185,First_184,Last_184,customer184@email.com,USA,2020-02-16 00:00:00,Gold,529.45
1186,First_185,Last_185,customer185@email.com,UK,2020-02-16 06:00:00,Bronze,1392.77
1187,First_186,Last_186,customer186@email.com,Germany,2020-02-16 12:00:00,Bronze,1024.76
1188,First_187,Last_187,customer187@email.com,Canada,2020-02-16 18:00:00,Gold,726.36
1189,First_188,Last_188,customer188@email.com,Canada,2020-02-17 00:00:00,Silver,776.64
1190,First_189,Last_189,customer189@email.com,USA,2020-02-17 06:00:00,Bronze,546.79
1191,First_190,Last_190,customer190@email.com,USA,2020-02-17 12:00:00,Gold,150.75
1192,First_191,Last_191,customer191@email.com,Germany,2020-02-17 18:00:00,Bronze,1188.63
1193,First_192,Last_192,customer192@email.com,France,2020-02-18 00:00:00,Silver,555.44
1194,First_193,Last_193,customer193@email.com,UK,2020-02-18 06:00:00,Bronze,410.99
1195,First_194,Last_194,customer194@email.com,USA,2020-02-18 12:00:00,Gold,58.82
1196,First_195,Last_195,customer195@email.com,USA,2020-02-18 18:00:00,Bronze,296.25
1197,First_196,Last_196,customer196@email.com,UK,2020-02-19 00:00:00,Bronze,308.42
1198,First_197,Last_197,customer197@email.com,Germany,2020-02-19 06:00:00,Bronze,999.63
1199,First_198,Last_198,customer198@email.com,Germany,2020-02-19 12:00:00,Bronze,395.54
1200,First_199,Last_199,customer199@email.com,UK,2020-02-19 18:00:00,Gold,239.34
1201,First_200,Last_200,customer200@email.com,UK,2020-02-20 00:00:00,Bronze,1881.81
1202,First_201,Last_201,customer201@email.com,USA,2020-02-20 06:00:00,Gold,58.67
1203,First_202,Last_202,customer202@email.com,USA,2020-02-20 12:00:00,Gold,274.57
1204,First_203,Last_203,customer203@email.com,Germany,2020-02-20 18:00:00,Silver,21.47
1205,First_204,Last_204,customer204@email.com,UK,2020-02-21 00:00:00,Silver,673.35
1206,First_205,Last_205,customer205@email.com,USA,2020-02-21 06:00:00,Bronze,1250.99
1207,First_206,Last_206,customer206@email.com,USA,2020-02-21 12:00:00,Bronze,164.28
1208,First_207,Last_207,customer207@email.com,UK,2020-02-21 18:00:00,Silver,977.17
1209,First_208,Last_208,customer208@email.com,USA,2020-02-22 00:00:00,Silver,172.81
1210,First_209,Last_209,customer209@email.com,USA,2020-02-22 06:00:00,Bronze,1208.27
1211,First_210,Last_210,customer210@email.com,Canada,2020-02-22 12:00:00,Silver,701.13
1212,First_211,Last_211,customer211@email.com,UK,2020-02-22 18:00:00,Silver,817.14
1213,First_212,Last_212,customer212@email.com,UK,2020-02-23 00:00:00,Gold,9.09
1214,First_213,Last_213,customer213@email.com,USA,2020-02-23 06:00:00,Bronze,1645.86
1215,First_214,Last_214,customer214@email.com,UK,2020-02-23 12:00:00,Bronze,648.54
1216,First_215,Last_215,customer215@email.com,USA,2020-02-23 18:00:00,Silver,181.74
1217,First_216,Last_216,customer216@email.com,USA,2020-02-24 00:00:00,Gold,884.2
1218,First_217,Last_217,customer217@email.com,UK,2020-02-24 06:00:00,Bronze,165.31
1219,First_218,Last_218,customer218@email.com,UK,2020-02-24 12:00:00,Bronze,1030.82
1220,First_219,Last_219,customer219@email.com,Germany,2020-02-24 18:00:00,Silver,59.72
1221,First_220,Last_220,customer220@email.com,UK,2020-02-25 00:00:00,Bronze,608.17
1222,First_221,Last_221,customer221@email.com,Canada,2020-02-25 06:00:00,Gold,389.02
1223,First_222,Last_222,customer222@email.com,USA,2020-02-25 12:00:00,Silver,50.76
1224,First_223,Last_223,customer223@email.com,USA,2020-02-25 18:00:00,Bronze,138.47
1225,First_224,Last_224,customer224@email.com,USA,2020-02-26 00:00:00,Silver,6.24
1226,First_225,Last_225,customer225@email.com,USA,2020-02-26 06:00:00,Bronze,316.28
1227,First_226,Last_226,customer226@email.com,France,2020-02-26 12:00:00,Silver,179.24
1228,First_227,Last_227,customer227@email.com,USA,2020-02-26 18:00:00,Silver,456.1
1229,First_228,Last_228,customer228@email.com,Germany,2020-02-27 00:00:00,Bronze,176.37
1230,First_229,Last_229,customer229@email.com,UK,2020-02-27 06:00:00,Silver,178.28
1231,First_230,Last_230,customer230@email.com,UK,2020-02-27 12:00:00,Bronze,679.72
1232,First_231,Last_231,customer231@email.com,Canada,2020-02-27 18:00:00,Silver,24.67
1233,First_232,Last_232,customer232@email.com,Canada,2020-02-28 00:00:00,Silver,1165.98
1234,First_233,Last_233,customer233@email.com,Canada,2020-02-28 06:00:00,Gold,956.16
1235,First_234,Last_234,customer234@email.com,USA,2020-02-28 12:00:00,Bronze,551.02
1236,First_235,Last_235,customer235@email.com,UK,2020-02-28 18:00:00,Silver,449.74
1237,First_236,Last_236,customer236@email.com,USA,2020-02-29 00:00:00,Bronze,1114.21
1238,First_237,Last_237,customer237@email.com,USA,2020-02-29 06:00:00,Silver,102.49
1239,First_238,Last_238,customer238@email.com,UK,2020-02-29 12:00:00,Bronze,41.13
1240,First_239,Last_239,customer239@email.com,USA,2020-02-29 18:00:00,Gold,136.9
1241,First_240,Last_240,customer240@email.com,France,2020-03-01 00:00:00,Bronze,791.35
1242,First_241,Last_241,customer241@email.com,France,2020-03-01 06:00:00,Bronze,17.64
1243,First_242,Last_242,customer242@email.com,France,2020-03-01 12:00:00,Bronze,437.1
1244,First_243,Last_243,customer243@email.com,USA,2020-03-01 18:00:00,Bronze,2694.94
1245,First_244,Last_244,customer244@email.com,USA,2020-03-02 00:00:00,Bronze,967.92
1246,First_245,Last_245,customer245@email.com,France,2020-03-02 06:00:00,Bronze,368.49
1247,First_246,Last_246,customer246@email.com,Canada,2020-03-02 12:00:00,Gold,32.88
1248,First_247,Last_247,customer247@email.com,France,2020-03-02 18:00:00,Gold,890.03
1249,First_248,Last_248,customer248@email.com,France,2020-03-03 00:00:00,Bronze,456.87
1250,First_249,Last_249,customer249@email.com,Germany,2020-03-03 06:00:00,Bronze,61.05
1251,First_250,Last_250,customer250@email.com,USA,2020-03-03 12:00:00,Bronze,49.28
1252,First_251,Last_251,customer251@email.com,USA,2020-03-03 18:00:00,Silver,1201.9
1253,First_252,Last_252,customer252@email.com,Germany,2020-03-04 00:00:00,Gold,553.12
1254,First_253,Last_253,customer253@email.com,USA,2020-03-04 06:00:00,Gold,883.89
1255,First_254,Last_254,customer254@email.com,USA,2020-03-04 12:00:00,Bronze,1055.9
1256,First_255,Last_255,customer255@email.com,Canada,2020-03-04 18:00:00,Silver,424.05
1257,First_256,Last_256,customer256@email.com,France,2020-03-05 00:00:00,Silver,364.33
1258,First_257,Last_257,customer257@email.com,UK,2020-03-05 06:00:00,Silver,281.43
1259,First_258,Last_258,customer258@email.com,Canada,2020-03-05 12:00:00,Gold,190.59
1260,First_259,Last_259,customer259@email.com,USA,2020-03-05 18:00:00,Bronze,285.11
1261,First_260,Last_260,customer260@email.com,UK,2020-03-06 00:00:00,Silver,743.34
1262,First_261,Last_261,customer261@email.com,France,2020-03-06 06:00:00,Bronze,460.56
1263,First_262,Last_262,customer262@email.com,USA,2020-03-06 12:00:00,Silver,1115.24
1264,First_263,Last_263,customer263@email.com,Canada,2020-03-06 18:00:00,Silver,292.94
1265,First_264,Last_264,customer264@email.com,Germany,2020-03-07 00:00:00,Gold,467.09
1266,First_265,Last_265,customer265@email.com,UK,2020-03-07 06:00:00,Gold,498.9
1267,First_266,Last_266,customer266@email.com,UK,2020-03-07 12:00:00,Silver,447.87
1268,First_267,Last_267,customer267@email.com,UK,2020-03-07 18:00:00,Silver,606.4
1269,First_268,Last_268,customer268@email.com,USA,2020-03-08 00:00:00,Bronze,135.53
1270,First_269,Last_269,customer269@email.com,USA,2020-03-08 06:00:00,Silver,359.09
1271,First_270,Last_270,customer270@email.com,Germany,2020-03-08 12:00:00,Bronze,55.03
1272,First_271,Last_271,customer271@email.com,Germany,2020-03-08 18:00:00,Bronze,242.67
1273,First_272,Last_272,customer272@email.com,Germany,2020-03-09 00:00:00,Bronze,334.39
1274,First_273,Last_273,customer273@email.com,France,2020-03-09 06:00:00,Gold,528.1
1275,First_274,Last_274,customer274@email.com,Canada,2020-03-09 12:00:00,Silver,1503.21
1276,First_275,Last_275,customer275@email.com,Canada,2020-03-09 18:00:00,Gold,458.96
1277,First_276,Last_276,customer276@email.com,UK,2020-03-10 00:00:00,Silver,680.5
1278,First_277,Last_277,customer277@email.com,UK,2020-03-10 06:00:00,Bronze,352.88
1279,First_278,Last_278,customer278@email.com,UK,2020-03-10 12:00:00,Gold,502.7
1280,First_279,Last_279,customer279@email.com,UK,2020-03-10 18:00:00,Silver,36.79
1281,First_280,Last_280,customer280@email.com,Germany,2020-03-11 00:00:00,Bronze,146.78
1282,First_281,Last_281,customer281@email.com,USA,2020-03-11 06:00:00,Bronze,224.59
1283,First_282,Last_282,customer282@email.com,USA,2020-03-11 12:00:00,Bronze,319.8
1284,First_283,Last_283,customer283@email.com,USA,2020-03-11 18:00:00,Gold,23.36
1285,First_284,Last_284,customer284@email.com,Canada,2020-03-12 00:00:00,Silver,75.43
1286,First_285,Last_285,customer285@email.com,USA,2020-03-12 06:00:00,Bronze,162.04
1287,First_286,Last_286,customer286@email.com,Canada,2020-03-12 12:00:00,Gold,1779.5
1288,First_287,Last_287,customer287@email.com,Canada,2020-03-12 18:00:00,Silver,201.25
1289,First_288,Last_288,customer288@email.com,USA,2020-03-13 00:00:00,Gold,328.93
1290,First_289,Last_289,customer289@email.com,Canada,2020-03-13 06:00:00,Gold,109.14
1291,First_290,Last_290,customer290@email.com,USA,2020-03-13 12:00:00,Silver,471.81
1292,First_291,Last_291,customer291@email.com,USA,2020-03-13 18:00:00,Gold,164.73
1293,First_292,Last_292,customer292@email.com,Germany,2020-03-14 00:00:00,Bronze,115.96
1294,First_293,Last_293,customer293@email.com,USA,2020-03-14 06:00:00,Bronze,363.43
1295,First_294,Last_294,customer294@email.com,USA,2020-03-14 12:00:00,Bronze,2.76
1296,First_295,Last_295,customer295@email.com,Canada,2020-03-14 18:00:00,Silver,3.85
1297,First_296,Last_296,customer296@email.com,UK,2020-03-15 00:00:00,Gold,123.63
1298,First_297,Last_297,customer297@email.com,USA,2020-03-15 06:00:00,Gold,18.71
1299,First_298,Last_298,customer298@email.com,UK,2020-03-15 12:00:00,Bronze,57.16
1300,First_299,Last_299,customer299@email.com,USA,2020-03-15 18:00:00,Bronze,206.9
1301,First_300,Last_300,customer300@email.com,USA,2020-03-16 00:00:00,Gold,811.23
1302,First_301,Last_301,customer301@email.com,Canada,2020-03-16 06:00:00,Bronze,424.37
1303,First_302,Last_302,customer302@email.com,Canada,2020-03-16 12:00:00,Gold,359.4
1304,First_303,Last_303,customer303@email.com,UK,2020-03-16 18:00:00,Bronze,173.71
1305,First_304,Last_304,customer304@email.com,UK,2020-03-17 00:00:00,Bronze,1342.32
1306,First_305,Last_305,customer305@email.com,France,2020-03-17 06:00:00,Bronze,252.93
1307,First_306,Last_306,customer306@email.com,Canada,2020-03-17 12:00:00,Bronze,45.56
1308,First_307,Last_307,customer307@email.com,USA,2020-03-17 18:00:00,Bronze,479.95
1309,First_308,Last_308,customer308@email.com,UK,2020-03-18 00:00:00,Silver,60.43
1310,First_309,Last_309,customer309@email.com,USA,2020-03-18 06:00:00,Bronze,211.73
1311,First_310,Last_310,customer310@email.com,Canada,2020-03-18 12:00:00,Gold,354.04
1312,First_311,Last_311,customer311@email.com,USA,2020-03-18 18:00:00,Bronze,1036.62
1313,First_312,Last_312,customer312@email.com,USA,2020-03-19 00:00:00,Bronze,340.16
1314,First_313,Last_313,customer313@email.com,France,2020-03-19 06:00:00,Bronze,605.77
1315,First_314,Last_314,customer314@email.com,Germany,2020-03-19 12:00:00,Silver,2468.01
1316,First_315,Last_315,customer315@email.com,UK,2020-03-19 18:00:00,Bronze,70.49
1317,First_316,Last_316,customer316@email.com,Canada,2020-03-20 00:00:00,Bronze,160.61
1318,First_317,Last_317,customer317@email.com,USA,2020-03-20 06:00:00,Bronze,250.91
1319,First_318,Last_318,customer318@email.com,USA,2020-03-20 12:00:00,Gold,273.94
1320,First_319,Last_319,customer319@email.com,USA,2020-03-20 18:00:00,Gold,264.68
1321,First_320,Last_320,customer320@email.com,Canada,2020-03-21 00:00:00,Silver,1190.87
1322,First_321,Last_321,customer321@email.com,UK,2020-03-21 06:00:00,Gold,625.94
1323,First_322,Last_322,customer322@email.com,UK,2020-03-21 12:00:00,Bronze,468.13
1324,First_323,Last_323,customer323@email.com,USA,2020-03-21 18:00:00,Silver,185.08
1325,First_324,Last_324,customer324@email.com,France,2020-03-22 00:00:00,Bronze,868.04
1326,First_325,Last_325,customer325@email.com,UK,2020-03-22 06:00:00,Silver,1551.22
1327,First_326,Last_326,customer326@email.com,Canada,2020-03-22 12:00:00,Gold,860.74
1328,First_327,Last_327,customer327@email.com,UK,2020-03-22 18:00:00,Bronze,0.78
1329,First_328,Last_328,customer328@email.com,Canada,2020-03-23 00:00:00,Bronze,505.85
1330,First_329,Last_329,customer329@email.com,USA,2020-03-23 06:00:00,Silver,26.24
1331,First_330,Last_330,customer330@email.com,USA,2020-03-23 12:00:00,Bronze,148.94
1332,First_331,Last_331,customer331@email.com,UK,2020-03-23 18:00:00,Bronze,30.68
1333,First_332,Last_332,customer332@email.com,USA,2020-03-24 00:00:00,Silver,462.91
1334,First_333,Last_333,customer333@email.com,USA,2020-03-24 06:00:00,Bronze,580.12
1335,First_334,Last_334,customer334@email.com,USA,2020-03-24 12:00:00,Bronze,60.79
1336,First_335,Last_335,customer335@email.com,USA,2020-03-24 18:00:00,Bronze,242.12
1337,First_336,Last_336,customer336@email.com,Germany,2020-03-25 00:00:00,Gold,304.62
1338,First_337,Last_337,customer337@email.com,UK,2020-03-25 06:00:00,Bronze,230.27
1339,First_338,Last_338,customer338@email.com,Canada,2020-03-25 12:00:00,Gold,64.5
1340,First_339,Last_339,customer339@email.com,USA,2020-03-25 18:00:00,Gold,271.46
1341,First_340,Last_340,customer340@email.com,Canada,2020-03-26 00:00:00,Silver,695.51
1342,First_341,Last_341,customer341@email.com,Canada,2020-03-26 06:00:00,Silver,36.83
1343,First_342,Last_342,customer342@email.com,USA,2020-03-26 12:00:00,Bronze,41.79
1344,First_343,Last_343,customer343@email.com,Canada,2020-03-26 18:00:00,Bronze,219.08
1345,First_344,Last_344,customer344@email.com,USA,2020-03-27 00:00:00,Bronze,1421.3
1346,First_345,Last_345,customer345@email.com,UK,2020-03-27 06:00:00,Silver,552.17
1347,First_346,Last_346,customer346@email.com,UK,2020-03-27 12:00:00,Silver,567.64
1348,First_347,Last_347,customer347@email.com,USA,2020-03-27 18:00:00,Silver,224.65
1349,First_348,Last_348,customer348@email.com,USA,2020-03-28 00:00:00,Bronze,450.28
1350,First_349,Last_349,customer349@email.com,UK,2020-03-28 06:00:00,Gold,5.09
1351,First_350,Last_350,customer350@email.com,Canada,2020-03-28 12:00:00,Bronze,505.43
1352,First_351,Last_351,customer351@email.com,Germany,2020-03-28 18:00:00,Bronze,1222.58
1353,First_352,Last_352,customer352@email.com,UK,2020-03-29 00:00:00,Silver,474.11
1354,First_353,Last_353,customer353@email.com,USA,2020-03-29 06:00:00,Bronze,1034.54
1355,First_354,Last_354,customer354@email.com,USA,2020-03-29 12:00:00,Silver,643.63
1356,First_355,Last_355,customer355@email.com,UK,2020-03-29 18:00:00,Bronze,64.23
1357,First_356,Last_356,customer356@email.com,USA,2020-03-30 00:00:00,Bronze,1163.71
1358,First_357,Last_357,customer357@email.com,Canada,2020-03-30 06:00:00,Silver,34.38
1359,First_358,Last_358,customer358@email.com,France,2020-03-30 12:00:00,Silver,381.75
1360,First_359,Last_359,customer359@email.com,Canada,2020-03-30 18:00:00,Bronze,76.66
1361,First_360,Last_360,customer360@email.com,USA,2020-03-31 00:00:00,Bronze,5.89
1362,First_361,Last_361,customer361@email.com,UK,2020-03-31 06:00:00,Silver,274.12
1363,First_362,Last_362,customer362@email.com,Canada,2020-03-31 12:00:00,Bronze,174.81
1364,First_363,Last_363,customer363@email.com,Canada,2020-03-31 18:00:00,Bronze,332.77
1365,First_364,Last_364,customer364@email.com,France,2020-04-01 00:00:00,Bronze,430.43
1366,First_365,Last_365,customer365@email.com,USA,2020-04-01 06:00:00,Gold,22.36
1367,First_366,Last_366,customer366@email.com,France,2020-04-01 12:00:00,Bronze,65.63
1368,First_367,Last_367,customer367@email.com,France,2020-04-01 18:00:00,Bronze,408.95
1369,First_368,Last_368,customer368@email.com,USA,2020-04-02 00:00:00,Gold,210.16
1370,First_369,Last_369,customer369@email.com,USA,2020-04-02 06:00:00,Silver,653.14
1371,First_370,Last_370,customer370@email.com,USA,2020-04-02 12:00:00,Bronze,528.2
1372,First_371,Last_371,customer371@email.com,USA,2020-04-02 18:00:00,Gold,934.12
1373,First_372,Last_372,customer372@email.com,USA,2020-04-03 00:00:00,Bronze,589.63
1374,First_373,Last_373,customer373@email.com,UK,2020-04-03 06:00:00,Silver,281.0
1375,First_374,Last_374,customer374@email.com,USA,2020-04-03 12:00:00,Silver,558.85
1376,First_375,Last_375,customer375@email.com,USA,2020-04-03 18:00:00,Bronze,161.05
1377,First_376,Last_376,customer376@email.com,Germany,2020-04-04 00:00:00,Silver,182.87
1378,First_377,Last_377,customer377@email.com,USA,2020-04-04 06:00:00,Bronze,777.91
1379,First_378,Last_378,customer378@email.com,Germany,2020-04-04 12:00:00,Silver,295.67
1380,First_379,Last_379,customer379@email.com,USA,2020-04-04 18:00:00,Bronze,800.69
1381,First_380,Last_380,customer380@email.com,USA,2020-04-05 00:00:00,Gold,864.17
1382,First_381,Last_381,customer381@email.com,UK,2020-04-05 06:00:00,Silver,974.43
1383,First_382,Last_382,customer382@email.com,UK,2020-04-05 12:00:00,Bronze,1242.26
1384,First_383,Last_383,customer383@email.com,Germany,2020-04-05 18:00:00,Silver,281.92
1385,First_384,Last_384,customer384@email.com,UK,2020-04-06 00:00:00,Bronze,192.0
1386,First_385,Last_385,customer385@email.com,Germany,2020-04-06 06:00:00,Silver,436.37
1387,First_386,Last_386,customer386@email.com,USA,2020-04-06 12:00:00,Bronze,231.95
1388,First_387,Last_387,customer387@email.com,USA,2020-04-06 18:00:00,Gold,459.49
1389,First_388,Last_388,customer388@email.com,UK,2020-04-07 00:00:00,Bronze,611.38
1390,First_389,Last_389,customer389@email.com,Germany,2020-04-07 06:00:00,Silver,583.03
1391,First_390,Last_390,customer390@email.com,France,2020-04-07 12:00:00,Silver,234.64
1392,First_391,Last_391,customer391@email.com,Canada,2020-04-07 18:00:00,Gold,91.28
1393,First_392,Last_392,customer392@email.com,USA,2020-04-08 00:00:00,Gold,281.52
1394,First_393,Last_393,customer393@email.com,UK,2020-04-08 06:00:00,Bronze,76.92
1395,First_394,Last_394,customer394@email.com,USA,2020-04-08 12:00:00,Silver,1104.08
1396,First_395,Last_395,customer395@email.com,France,2020-04-08 18:00:00,Bronze,212.23
1397,First_396,Last_396,customer396@email.com,Germany,2020-04-09 00:00:00,Silver,83.89
1398,First_397,Last_397,customer397@email.com,Canada,2020-04-09 06:00:00,Silver,12.89
1399,First_398,Last_398,customer398@email.com,UK,2020-04-09 12:00:00,Bronze,518.98
1400,First_399,Last_399,customer399@email.com,UK,2020-04-09 18:00:00,Bronze,506.54
1401,First_400,Last_400,customer400@email.com,USA,2020-04-10 00:00:00,Gold,208.22
1402,First_401,Last_401,customer401@email.com,France,2020-04-10 06:00:00,Gold,37.21
1403,First_402,Last_402,customer402@email.com,Canada,2020-04-10 12:00:00,Gold,263.5
1404,First_403,Last_403,customer403@email.com,Germany,2020-04-10 18:00:00,Bronze,186.41
1405,First_404,Last_404,customer404@email.com,USA,2020-04-11 00:00:00,Bronze,565.24
1406,First_405,Last_405,customer405@email.com,Germany,2020-04-11 06:00:00,Silver,465.42
1407,First_406,Last_406,customer406@email.com,USA,2020-04-11 12:00:00,Bronze,226.75
1408,First_407,Last_407,customer407@email.com,USA,2020-04-11 18:00:00,Bronze,122.88
1409,First_408,Last_408,customer408@email.com,France,2020-04-12 00:00:00,Bronze,2212.93
1410,First_409,Last_409,customer409@email.com,USA,2020-04-12 06:00:00,Bronze,302.57
1411,First_410,Last_410,customer410@email.com,USA,2020-04-12 12:00:00,Silver,582.82
1412,First_411,Last_411,customer411@email.com,France,2020-04-12 18:00:00,Gold,75.73
1413,First_412,Last_412,customer412@email.com,France,2020-04-13 00:00:00,Silver,332.37
1414,First_413,Last_413,customer413@email.com,Canada,2020-04-13 06:00:00,Gold,13.96
1415,First_414,Last_414,customer414@email.com,UK,2020-04-13 12:00:00,Bronze,352.06
1416,First_415,Last_415,customer415@email.com,Canada,2020-04-13 18:00:00,Bronze,1662.36
1417,First_416,Last_416,customer416@email.com,USA,2020-04-14 00:00:00,Gold,242.42
1418,First_417,Last_417,customer417@email.com,USA,2020-04-14 06:00:00,Gold,19.89
1419,First_418,Last_418,customer418@email.com,UK,2020-04-14 12:00:00,Silver,15.72
1420,First_419,Last_419,customer419@email.com,UK,2020-04-14 18:00:00,Bronze,245.5
1421,First_420,Last_420,customer420@email.com,UK,2020-04-15 00:00:00,Silver,87.19
1422,First_421,Last_421,customer421@email.com,UK,2020-04-15 06:00:00,Bronze,11.81
1423,First_422,Last_422,customer422@email.com,USA,2020-04-15 12:00:00,Gold,705.73
1424,First_423,Last_423,customer423@email.com,Canada,2020-04-15 18:00:00,Gold,306.73
1425,First_424,Last_424,customer424@email.com,USA,2020-04-16 00:00:00,Bronze,170.71
1426,First_425,Last_425,customer425@email.com,Canada,2020-04-16 06:00:00,Bronze,1151.71
1427,First_426,Last_426,customer426@email.com,Canada,2020-04-16 12:00:00,Gold,61.73
1428,First_427,Last_427,customer427@email.com,Germany,2020-04-16 18:00:00,Bronze,1560.86
1429,First_428,Last_428,customer428@email.com,USA,2020-04-17 00:00:00,Bronze,188.41
1430,First_429,Last_429,customer429@email.com,USA,2020-04-17 06:00:00,Bronze,1096.43
1431,First_430,Last_430,customer430@email.com,USA,2020-04-17 12:00:00,Silver,461.84
1432,First_431,Last_431,customer431@email.com,UK,2020-04-17 18:00:00,Bronze,876.39
1433,First_432,Last_432,customer432@email.com,UK,2020-04-18 00:00:00,Silver,2067.99
1434,First_433,Last_433,customer433@email.com,USA,2020-04-18 06:00:00,Bronze,170.12
1435,First_434,Last_434,customer434@email.com,USA,2020-04-18 12:00:00,Gold,1623.84
1436,First_435,Last_435,customer435@email.com,UK,2020-04-18 18:00:00,Gold,246.72
1437,First_436,Last_436,customer436@email.com,USA,2020-04-19 00:00:00,Silver,243.48
1438,First_437,Last_437,customer437@email.com,Germany,2020-04-19 06:00:00,Bronze,208.05
1439,First_438,Last_438,customer438@email.com,UK,2020-04-19 12:00:00,Silver,389.8
1440,First_439,Last_439,customer439@email.com,USA,2020-04-19 18:00:00,Bronze,83.7
1441,First_440,Last_440,customer440@email.com,USA,2020-04-20 00:00:00,Bronze,403.39
1442,First_441,Last_441,customer441@email.com,France,2020-04-20 06:00:00,Gold,390.12
1443,First_442,Last_442,customer442@email.com,USA,2020-04-20 12:00:00,Bronze,717.54
1444,First_443,Last_443,customer443@email.com,USA,2020-04-20 18:00:00,Silver,896.83
1445,First_444,Last_444,customer444@email.com,Germany,2020-04-21 00:00:00,Bronze,290.3
1446,First_445,Last_445,customer445@email.com,France,2020-04-21 06:00:00,Gold,180.01
1447,First_446,Last_446,customer446@email.com,France,2020-04-21 12:00:00,Bronze,150.1
1448,First_447,Last_447,customer447@email.com,UK,2020-04-21 18:00:00,Bronze,108.22
1449,First_448,Last_448,customer448@email.com,USA,2020-04-22 00:00:00,Bronze,29.69
1450,First_449,Last_449,customer449@email.com,USA,2020-04-22 06:00:00,Bronze,209.62
1451,First_450,Last_450,customer450@email.com,UK,2020-04-22 12:00:00,Silver,157.53
1452,First_451,Last_451,customer451@email.com,Canada,2020-04-22 18:00:00,Bronze,1696.87
1453,First_452,Last_452,customer452@email.com,Canada,2020-04-23 00:00:00,Bronze,407.89
1454,First_453,Last_453,customer453@email.com,France,2020-04-23 06:00:00,Bronze,213.3
1455,First_454,Last_454,customer454@email.com,USA,2020-04-23 12:00:00,Gold,434.31
1456,First_455,Last_455,customer455@email.com,Canada,2020-04-23 18:00:00,Bronze,74.94
1457,First_456,Last_456,customer456@email.com,USA,2020-04-24 00:00:00,Bronze,293.53
1458,First_457,Last_457,customer457@email.com,Canada,2020-04-24 06:00:00,Bronze,492.06
1459,First_458,Last_458,customer458@email.com,USA,2020-04-24 12:00:00,Silver,335.59
1460,First_459,Last_459,customer459@email.com,USA,2020-04-24 18:00:00,Bronze,256.9
1461,First_460,Last_460,customer460@email.com,USA,2020-04-25 00:00:00,Silver,2545.52
1462,First_461,Last_461,customer461@email.com,UK,2020-04-25 06:00:00,Bronze,1061.45
1463,First_462,Last_462,customer462@email.com,UK,2020-04-25 12:00:00,Gold,488.29
1464,First_463,Last_463,customer463@email.com,Canada,2020-04-25 18:00:00,Bronze,421.26
1465,First_464,Last_464,customer464@email.com,France,2020-04-26 00:00:00,Bronze,484.66
1466,First_465,Last_465,customer465@email.com,USA,2020-04-26 06:00:00,Gold,112.39
1467,First_466,Last_466,customer466@email.com,USA,2020-04-26 12:00:00,Bronze,251.38
1468,First_467,Last_467,customer467@email.com,Germany,2020-04-26 18:00:00,Silver,20.13
1469,First_468,Last_468,customer468@email.com,USA,2020-04-27 00:00:00,Bronze,322.7
1470,First_469,Last_469,customer469@email.com,France,2020-04-27 06:00:00,Bronze,391.56
1471,First_470,Last_470,customer470@email.com,USA,2020-04-27 12:00:00,Bronze,129.22
1472,First_471,Last_471,customer471@email.com,France,2020-04-27 18:00:00,Bronze,1662.52
1473,First_472,Last_472,customer472@email.com,USA,2020-04-28 00:00:00,Bronze,1200.95
1474,First_473,Last_473,customer473@email.com,Germany,2020-04-28 06:00:00,Silver,640.32
1475,First_474,Last_474,customer474@email.com,Canada,2020-04-28 12:00:00,Silver,381.13
1476,First_475,Last_475,customer475@email.com,France,2020-04-28 18:00:00,Bronze,1019.99
1477,First_476,Last_476,customer476@email.com,USA,2020-04-29 00:00:00,Bronze,70.01
1478,First_477,Last_477,customer477@email.com,Canada,2020-04-29 06:00:00,Bronze,781.54
1479,First_478,Last_478,customer478@email.com,France,2020-04-29 12:00:00,Bronze,66.66
1480,First_479,Last_479,customer479@email.com,Canada,2020-04-29 18:00:00,Silver,790.45
1481,First_480,Last_480,customer480@email.com,UK,2020-04-30 00:00:00,Bronze,161.32
1482,First_481,Last_481,customer481@email.com,UK,2020-04-30 06:00:00,Gold,1048.15
1483,First_482,Last_482,customer482@email.com,Canada,2020-04-30 12:00:00,Bronze,1441.58
1484,First_483,Last_483,customer483@email.com,UK,2020-04-30 18:00:00,Gold,80.55
1485,First_484,Last_484,customer484@email.com,Canada,2020-05-01 00:00:00,Silver,310.58
1486,First_485,Last_485,customer485@email.com,France,2020-05-01 06:00:00,Silver,1981.33
1487,First_486,Last_486,customer486@email.com,USA,2020-05-01 12:00:00,Silver,330.25
1488,First_487,Last_487,customer487@email.com,USA,2020-05-01 18:00:00,Bronze,995.89
1489,First_488,Last_488,customer488@email.com,France,2020-05-02 00:00:00,Silver,444.25
1490,First_489,Last_489,customer489@email.com,Germany,2020-05-02 06:00:00,Silver,235.27
1491,First_490,Last_490,customer490@email.com,Canada,2020-05-02 12:00:00,Silver,168.28
1492,First_491,Last_491,customer491@email.com,UK,2020-05-02 18:00:00,Silver,113.59
1493,First_492,Last_492,customer492@email.com,USA,2020-05-03 00:00:00,Silver,717.32
1494,First_493,Last_493,customer493@email.com,USA,2020-05-03 06:00:00,Gold,244.32
1495,First_494,Last_494,customer494@email.com,Canada,2020-05-03 12:00:00,Bronze,357.98
1496,First_495,Last_495,customer495@email.com,USA,2020-05-03 18:00:00,Bronze,338.96
1497,First_496,Last_496,customer496@email.com,Canada,2020-05-04 00:00:00,Bronze,430.52
1498,First_497,Last_497,customer497@email.com,USA,2020-05-04 06:00:00,Silver,1003.38
1499,First_498,Last_498,customer498@email.com,France,2020-05-04 12:00:00,Silver,1974.85
1500,First_499,Last_499,customer499@email.com,France,2020-05-04 18:00:00,Bronze,261.77
1501,First_500,Last_500,customer500@email.com,UK,2020-05-05 00:00:00,Bronze,878.73
1502,First_501,Last_501,customer501@email.com,Canada,2020-05-05 06:00:00,Silver,723.08
1503,First_502,Last_502,customer502@email.com,USA,2020-05-05 12:00:00,Gold,426.11
1504,First_503,Last_503,customer503@email.com,Germany,2020-05-05 18:00:00,Silver,1562.32
1505,First_504,Last_504,customer504@email.com,UK,2020-05-06 00:00:00,Silver,111.87
1506,First_505,Last_505,customer505@email.com,USA,2020-05-06 06:00:00,Silver,57.85
1507,First_506,Last_506,customer506@email.com,France,2020-05-06 12:00:00,Bronze,961.94
1508,First_507,Last_507,customer507@email.com,Germany,2020-05-06 18:00:00,Bronze,289.15
1509,First_508,Last_508,customer508@email.com,France,2020-05-07 00:00:00,Bronze,938.56
1510,First_509,Last_509,customer509@email.com,UK,2020-05-07 06:00:00,Bronze,1117.88
1511,First_510,Last_510,customer510@email.com,UK,2020-05-07 12:00:00,Bronze,32.25
1512,First_511,Last_511,customer511@email.com,Canada,2020-05-07 18:00:00,Bronze,1074.78
1513,First_512,Last_512,customer512@email.com,France,2020-05-08 00:00:00,Bronze,297.39
1514,First_513,Last_513,customer513@email.com,Germany,2020-05-08 06:00:00,Gold,357.12
1515,First_514,Last_514,customer514@email.com,USA,2020-05-08 12:00:00,Gold,492.54
1516,First_515,Last_515,customer515@email.com,USA,2020-05-08 18:00:00,Gold,1304.44
1517,First_516,Last_516,customer516@email.com,USA,2020-05-09 00:00:00,Bronze,9.65
1518,First_517,Last_517,customer517@email.com,Germany,2020-05-09 06:00:00,Bronze,323.94
1519,First_518,Last_518,customer518@email.com,France,2020-05-09 12:00:00,Silver,581.93
1520,First_519,Last_519,customer519@email.com,USA,2020-05-09 18:00:00,Bronze,641.34
1521,First_520,Last_520,customer520@email.com,Canada,2020-05-10 00:00:00,Gold,589.69
1522,First_521,Last_521,customer521@email.com,USA,2020-05-10 06:00:00,Bronze,72.19
1523,First_522,Last_522,customer522@email.com,France,2020-05-10 12:00:00,Silver,177.91
1524,First_523,Last_523,customer523@email.com,Germany,2020-05-10 18:00:00,Gold,222.14
1525,First_524,Last_524,customer524@email.com,Germany,2020-05-11 00:00:00,Silver,815.94
1526,First_525,Last_525,customer525@email.com,Canada,2020-05-11 06:00:00,Silver,163.39
1527,First_526,Last_526,customer526@email.com,Canada,2020-05-11 12:00:00,Silver,118.31
1528,First_527,Last_527,customer527@email.com,USA,2020-05-11 18:00:00,Silver,1578.51
1529,First_528,Last_528,customer528@email.com,USA,2020-05-12 00:00:00,Bronze,4.45
1530,First_529,Last_529,customer529@email.com,Germany,2020-05-12 06:00:00,Bronze,3064.41
1531,First_530,Last_530,customer530@email.com,Germany,2020-05-12 12:00:00,Silver,564.77
1532,First_531,Last_531,customer531@email.com,France,2020-05-12 18:00:00,Bronze,881.5
1533,First_532,Last_532,customer532@email.com,France,2020-05-13 00:00:00,Bronze,174.51
1534,First_533,Last_533,customer533@email.com,Canada,2020-05-13 06:00:00,Silver,7.21
1535,First_534,Last_534,customer534@email.com,UK,2020-05-13 12:00:00,Silver,669.46
1536,First_535,Last_535,customer535@email.com,France,2020-05-13 18:00:00,Gold,898.32
1537,First_536,Last_536,customer536@email.com,Germany,2020-05-14 00:00:00,Gold,674.45
1538,First_537,Last_537,customer537@email.com,USA,2020-05-14 06:00:00,Bronze,77.07
1539,First_538,Last_538,customer538@email.com,Canada,2020-05-14 12:00:00,Gold,700.05
1540,First_539,Last_539,customer539@email.com,USA,2020-05-14 18:00:00,Bronze,732.5
1541,First_540,Last_540,customer540@email.com,France,2020-05-15 00:00:00,Bronze,537.26
1542,First_541,Last_541,customer541@email.com,UK,2020-05-15 06:00:00,Gold,726.46
1543,First_542,Last_542,customer542@email.com,USA,2020-05-15 12:00:00,Bronze,935.15
1544,First_543,Last_543,customer543@email.com,UK,2020-05-15 18:00:00,Silver,475.45
1545,First_544,Last_544,customer544@email.com,UK,2020-05-16 00:00:00,Bronze,46.39
1546,First_545,Last_545,customer545@email.com,USA,2020-05-16 06:00:00,Silver,334.35
1547,First_546,Last_546,customer546@email.com,USA,2020-05-16 12:00:00,Bronze,40.41
1548,First_547,Last_547,customer547@email.com,UK,2020-05-16 18:00:00,Bronze,261.74
1549,First_548,Last_548,customer548@email.com,Canada,2020-05-17 00:00:00,Gold,261.37
1550,First_549,Last_549,customer549@email.com,UK,2020-05-17 06:00:00,Bronze,34.14
1551,First_550,Last_550,customer550@email.com,Canada,2020-05-17 12:00:00,Bronze,214.48
1552,First_551,Last_551,customer551@email.com,Germany,2020-05-17 18:00:00,Bronze,58.83
1553,First_552,Last_552,customer552@email.com,Canada,2020-05-18 00:00:00,Bronze,825.74
1554,First_553,Last_553,customer553@email.com,Canada,2020-05-18 06:00:00,Bronze,1475.26
1555,First_554,Last_554,customer554@email.com,Germany,2020-05-18 12:00:00,Silver,37.53
1556,First_555,Last_555,customer555@email.com,Canada,2020-05-18 18:00:00,Silver,1551.83
1557,First_556,Last_556,customer556@email.com,USA,2020-05-19 00:00:00,Bronze,369.68
1558,First_557,Last_557,customer557@email.com,USA,2020-05-19 06:00:00,Silver,178.03
1559,First_558,Last_558,customer558@email.com,UK,2020-05-19 12:00:00,Bronze,39.99
1560,First_559,Last_559,customer559@email.com,UK,2020-05-19 18:00:00,Bronze,347.2
1561,First_560,Last_560,customer560@email.com,UK,2020-05-20 00:00:00,Silver,791.19
1562,First_561,Last_561,customer561@email.com,USA,2020-05-20 06:00:00,Silver,613.94
1563,First_562,Last_562,customer562@email.com,USA,2020-05-20 12:00:00,Bronze,25.77
1564,First_563,Last_563,customer563@email.com,USA,2020-05-20 18:00:00,Silver,37.85
1565,First_564,Last_564,customer564@email.com,USA,2020-05-21 00:00:00,Bronze,257.81
1566,First_565,Last_565,customer565@email.com,Canada,2020-05-21 06:00:00,Silver,174.98
1567,First_566,Last_566,customer566@email.com,USA,2020-05-21 12:00:00,Bronze,132.23
1568,First_567,Last_567,customer567@email.com,Canada,2020-05-21 18:00:00,Gold,164.95
1569,First_568,Last_568,customer568@email.com,France,2020-05-22 00:00:00,Bronze,813.5
1570,First_569,Last_569,customer569@email.com,USA,2020-05-22 06:00:00,Silver,1324.15
1571,First_570,Last_570,customer570@email.com,Canada,2020-05-22 12:00:00,Bronze,259.68
1572,First_571,Last_571,customer571@email.com,UK,2020-05-22 18:00:00,Gold,1182.82
1573,First_572,Last_572,customer572@email.com,USA,2020-05-23 00:00:00,Bronze,193.93
1574,First_573,Last_573,customer573@email.com,UK,2020-05-23 06:00:00,Bronze,323.55
1575,First_574,Last_574,customer574@email.com,Germany,2020-05-23 12:00:00,Silver,128.11
1576,First_575,Last_575,customer575@email.com,France,2020-05-23 18:00:00,Gold,511.49
1577,First_576,Last_576,customer576@email.com,USA,2020-05-24 00:00:00,Gold,1931.17
1578,First_577,Last_577,customer577@email.com,France,2020-05-24 06:00:00,Bronze,462.53
1579,First_578,Last_578,customer578@email.com,Canada,2020-05-24 12:00:00,Bronze,221.44
1580,First_579,Last_579,customer579@email.com,USA,2020-05-24 18:00:00,Bronze,521.8
1581,First_580,Last_580,customer580@email.com,Canada,2020-05-25 00:00:00,Silver,65.58
1582,First_581,Last_581,customer581@email.com,France,2020-05-25 06:00:00,Silver,1097.58
1583,First_582,Last_582,customer582@email.com,Canada,2020-05-25 12:00:00,Bronze,349.67
1584,First_583,Last_583,customer583@email.com,USA,2020-05-25 18:00:00,Silver,298.33
1585,First_584,Last_584,customer584@email.com,UK,2020-05-26 00:00:00,Bronze,440.78
1586,First_585,Last_585,customer585@email.com,USA,2020-05-26 06:00:00,Gold,490.13
1587,First_586,Last_586,customer586@email.com,USA,2020-05-26 12:00:00,Bronze,37.24
1588,First_587,Last_587,customer587@email.com,USA,2020-05-26 18:00:00,Silver,573.82
1589,First_588,Last_588,customer588@email.com,USA,2020-05-27 00:00:00,Silver,138.49
1590,First_589,Last_589,customer589@email.com,USA,2020-05-27 06:00:00,Bronze,625.8
1591,First_590,Last_590,customer590@email.com,USA,2020-05-27 12:00:00,Bronze,864.49
1592,First_591,Last_591,customer591@email.com,UK,2020-05-27 18:00:00,Bronze,814.71
1593,First_592,Last_592,customer592@email.com,USA,2020-05-28 00:00:00,Gold,402.04
1594,First_593,Last_593,customer593@email.com,USA,2020-05-28 06:00:00,Gold,367.16
1595,First_594,Last_594,customer594@email.com,Germany,2020-05-28 12:00:00,Bronze,77.09
1596,First_595,Last_595,customer595@email.com,Canada,2020-05-28 18:00:00,Bronze,746.6
1597,First_596,Last_596,customer596@email.com,UK,2020-05-29 00:00:00,Silver,158.32
1598,First_597,Last_597,customer597@email.com,USA,2020-05-29 06:00:00,Gold,343.28
1599,First_598,Last_598,customer598@email.com,USA,2020-05-29 12:00:00,Gold,167.23
1600,First_599,Last_599,customer599@email.com,USA,2020-05-29 18:00:00,Bronze,71.84
1601,First_600,Last_600,customer600@email.com,USA,2020-05-30 00:00:00,Gold,496.53
1602,First_601,Last_601,customer601@email.com,USA,2020-05-30 06:00:00,Silver,27.93
1603,First_602,Last_602,customer602@email.com,USA,2020-05-30 12:00:00,Silver,690.44
1604,First_603,Last_603,customer603@email.com,USA,2020-05-30 18:00:00,Silver,191.06
1605,First_604,Last_604,customer604@email.com,USA,2020-05-31 00:00:00,Gold,0.07
1606,First_605,Last_605,customer605@email.com,Canada,2020-05-31 06:00:00,Bronze,357.83
1607,First_606,Last_606,customer606@email.com,USA,2020-05-31 12:00:00,Gold,23.99
1608,First_607,Last_607,customer607@email.com,USA,2020-05-31 18:00:00,Bronze,161.6
1609,First_608,Last_608,customer608@email.com,Canada,2020-06-01 00:00:00,Silver,613.75
1610,First_609,Last_609,customer609@email.com,UK,2020-06-01 06:00:00,Bronze,32.37
1611,First_610,Last_610,customer610@email.com,USA,2020-06-01 12:00:00,Bronze,914.23
1612,First_611,Last_611,customer611@email.com,UK,2020-06-01 18:00:00,Bronze,1.91
1613,First_612,Last_612,customer612@email.com,UK,2020-06-02 00:00:00,Bronze,141.73
1614,First_613,Last_613,customer613@email.com,USA,2020-06-02 06:00:00,Silver,675.28
1615,First_614,Last_614,customer614@email.com,Germany,2020-06-02 12:00:00,Silver,190.1
1616,First_615,Last_615,customer615@email.com,France,2020-06-02 18:00:00,Bronze,53.73
1617,First_616,Last_616,customer616@email.com,USA,2020-06-03 00:00:00,Bronze,223.33
1618,First_617,Last_617,customer617@email.com,USA,2020-06-03 06:00:00,Bronze,157.62
1619,First_618,Last_618,customer618@email.com,Germany,2020-06-03 12:00:00,Bronze,924.84
1620,First_619,Last_619,customer619@email.com,UK,2020-06-03 18:00:00,Bronze,187.96
1621,First_620,Last_620,customer620@email.com,USA,2020-06-04 00:00:00,Silver,777.79
1622,First_621,Last_621,customer621@email.com,USA,2020-06-04 06:00:00,Gold,1112.22
1623,First_622,Last_622,customer622@email.com,USA,2020-06-04 12:00:00,Bronze,284.42
1624,First_623,Last_623,customer623@email.com,Canada,2020-06-04 18:00:00,Bronze,1203.66
1625,First_624,Last_624,customer624@email.com,UK,2020-06-05 00:00:00,Gold,236.86
1626,First_625,Last_625,customer625@email.com,USA,2020-06-05 06:00:00,Bronze,1663.21
1627,First_626,Last_626,customer626@email.com,Canada,2020-06-05 12:00:00,Silver,46.77
1628,First_627,Last_627,customer627@email.com,UK,2020-06-05 18:00:00,Bronze,580.81
1629,First_628,Last_628,customer628@email.com,USA,2020-06-06 00:00:00,Gold,340.43
1630,First_629,Last_629,customer629@email.com,USA,2020-06-06 06:00:00,Silver,245.22
1631,First_630,Last_630,customer630@email.com,UK,2020-06-06 12:00:00,Bronze,500.8
1632,First_631,Last_631,customer631@email.com,Germany,2020-06-06 18:00:00,Silver,608.46
1633,First_632,Last_632,customer632@email.com,Canada,2020-06-07 00:00:00,Bronze,2.19
1634,First_633,Last_633,customer633@email.com,Canada,2020-06-07 06:00:00,Bronze,91.33
1635,First_634,Last_634,customer634@email.com,USA,2020-06-07 12:00:00,Bronze,624.22
1636,First_635,Last_635,customer635@email.com,Canada,2020-06-07 18:00:00,Silver,548.88
1637,First_636,Last_636,customer636@email.com,Canada,2020-06-08 00:00:00,Silver,1691.4
1638,First_637,Last_637,customer637@email.com,USA,2020-06-08 06:00:00,Gold,715.72
1639,First_638,Last_638,customer638@email.com,USA,2020-06-08 12:00:00,Bronze,1505.65
1640,First_639,Last_639,customer639@email.com,USA,2020-06-08 18:00:00,Bronze,606.24
1641,First_640,Last_640,customer640@email.com,USA,2020-06-09 00:00:00,Bronze,176.95
1642,First_641,Last_641,customer641@email.com,USA,2020-06-09 06:00:00,Bronze,55.67
1643,First_642,Last_642,customer642@email.com,USA,2020-06-09 12:00:00,Bronze,761.23
1644,First_643,Last_643,customer643@email.com,USA,2020-06-09 18:00:00,Bronze,516.62
1645,First_644,Last_644,customer644@email.com,USA,2020-06-10 00:00:00,Gold,24.69
1646,First_645,Last_645,customer645@email.com,Germany,2020-06-10 06:00:00,Bronze,223.18
1647,First_646,Last_646,customer646@email.com,Canada,2020-06-10 12:00:00,Gold,1570.96
1648,First_647,Last_647,customer647@email.com,UK,2020-06-10 18:00:00,Bronze,346.97
1649,First_648,Last_648,customer648@email.com,UK,2020-06-11 00:00:00,Bronze,283.46
1650,First_649,Last_649,customer649@email.com,Canada,2020-06-11 06:00:00,Bronze,305.97
1651,First_650,Last_650,customer650@email.com,USA,2020-06-11 12:00:00,Gold,117.15
1652,First_651,Last_651,customer651@email.com,Canada,2020-06-11 18:00:00,Silver,229.99
1653,First_652,Last_652,customer652@email.com,Canada,2020-06-12 00:00:00,Silver,230.87
1654,First_653,Last_653,customer653@email.com,UK,2020-06-12 06:00:00,Silver,26.89
1655,First_654,Last_654,customer654@email.com,Canada,2020-06-12 12:00:00,Gold,729.58
1656,First_655,Last_655,customer655@email.com,USA,2020-06-12 18:00:00,Bronze,269.36
1657,First_656,Last_656,customer656@email.com,USA,2020-06-13 00:00:00,Bronze,863.49
1658,First_657,Last_657,customer657@email.com,USA,2020-06-13 06:00:00,Silver,949.72
1659,First_658,Last_658,customer658@email.com,UK,2020-06-13 12:00:00,Silver,119.12
1660,First_659,Last_659,customer659@email.com,Canada,2020-06-13 18:00:00,Silver,535.53
1661,First_660,Last_660,customer660@email.com,USA,2020-06-14 00:00:00,Bronze,319.6
1662,First_661,Last_661,customer661@email.com,France,2020-06-14 06:00:00,Bronze,1060.79
1663,First_662,Last_662,customer662@email.com,UK,2020-06-14 12:00:00,Bronze,121.51
1664,First_663,Last_663,customer663@email.com,USA,2020-06-14 18:00:00,Silver,566.31
1665,First_664,Last_664,customer664@email.com,USA,2020-06-15 00:00:00,Bronze,467.93
1666,First_665,Last_665,customer665@email.com,USA,2020-06-15 06:00:00,Bronze,174.99
1667,First_666,Last_666,customer666@email.com,USA,2020-06-15 12:00:00,Silver,73.44
1668,First_667,Last_667,customer667@email.com,USA,2020-06-15 18:00:00,Bronze,527.26
1669,First_668,Last_668,customer668@email.com,USA,2020-06-16 00:00:00,Gold,670.85
1670,First_669,Last_669,customer669@email.com,USA,2020-06-16 06:00:00,Bronze,189.63
1671,First_670,Last_670,customer670@email.com,USA,2020-06-16 12:00:00,Silver,517.58
1672,First_671,Last_671,customer671@email.com,Germany,2020-06-16 18:00:00,Bronze,251.37
1673,First_672,Last_672,customer672@email.com,USA,2020-06-17 00:00:00,Bronze,624.5
1674,First_673,Last_673,customer673@email.com,Canada,2020-06-17 06:00:00,Bronze,111.08
1675,First_674,Last_674,customer674@email.com,Canada,2020-06-17 12:00:00,Bronze,1104.62
1676,First_675,Last_675,customer675@email.com,France,2020-06-17 18:00:00,Silver,169.42
1677,First_676,Last_676,customer676@email.com,USA,2020-06-18 00:00:00,Gold,229.26
1678,First_677,Last_677,customer677@email.com,USA,2020-06-18 06:00:00,Silver,29.92
1679,First_678,Last_678,customer678@email.com,France,2020-06-18 12:00:00,Gold,59.12
1680,First_679,Last_679,customer679@email.com,Germany,2020-06-18 18:00:00,Bronze,362.69
1681,First_680,Last_680,customer680@email.com,Germany,2020-06-19 00:00:00,Silver,155.71
1682,First_681,Last_681,customer681@email.com,USA,2020-06-19 06:00:00,Bronze,902.36
1683,First_682,Last_682,customer682@email.com,USA,2020-06-19 12:00:00,Bronze,7.4
1684,First_683,Last_683,customer683@email.com,UK,2020-06-19 18:00:00,Bronze,238.29
1685,First_684,Last_684,customer684@email.com,France,2020-06-20 00:00:00,Gold,205.75
1686,First_685,Last_685,customer685@email.com,Canada,2020-06-20 06:00:00,Bronze,9.76
1687,First_686,Last_686,customer686@email.com,Canada,2020-06-20 12:00:00,Bronze,66.4
1688,First_687,Last_687,customer687@email.com,USA,2020-06-20 18:00:00,Silver,266.91
1689,First_688,Last_688,customer688@email.com,UK,2020-06-21 00:00:00,Bronze,339.49
1690,First_689,Last_689,customer689@email.com,USA,2020-06-21 06:00:00,Bronze,259.0
1691,First_690,Last_690,customer690@email.com,USA,2020-06-21 12:00:00,Gold,378.51
1692,First_691,Last_691,customer691@email.com,Canada,2020-06-21 18:00:00,Bronze,452.1
1693,First_692,Last_692,customer692@email.com,Canada,2020-06-22 00:00:00,Silver,4.99
1694,First_693,Last_693,customer693@email.com,USA,2020-06-22 06:00:00,Gold,311.9
1695,First_694,Last_694,customer694@email.com,USA,2020-06-22 12:00:00,Silver,1655.21
1696,First_695,Last_695,customer695@email.com,UK,2020-06-22 18:00:00,Gold,365.98
1697,First_696,Last_696,customer696@email.com,USA,2020-06-23 00:00:00,Gold,565.89
1698,First_697,Last_697,customer697@email.com,Canada,2020-06-23 06:00:00,Gold,186.88
1699,First_698,Last_698,customer698@email.com,USA,2020-06-23 12:00:00,Bronze,743.59
1700,First_699,Last_699,customer699@email.com,Canada,2020-06-23 18:00:00,Bronze,741.23
1701,First_700,Last_700,customer700@email.com,Canada,2020-06-24 00:00:00,Bronze,368.34
1702,First_701,Last_701,customer701@email.com,USA,2020-06-24 06:00:00,Silver,1865.14
1703,First_702,Last_702,customer702@email.com,USA,2020-06-24 12:00:00,Silver,67.08
1704,First_703,Last_703,customer703@email.com,USA,2020-06-24 18:00:00,Bronze,8.55
1705,First_704,Last_704,customer704@email.com,USA,2020-06-25 00:00:00,Silver,735.18
1706,First_705,Last_705,customer705@email.com,France,2020-06-25 06:00:00,Gold,822.94
1707,First_706,Last_706,customer706@email.com,USA,2020-06-25 12:00:00,Bronze,64.03
1708,First_707,Last_707,customer707@email.com,Germany,2020-06-25 18:00:00,Silver,154.34
1709,First_708,Last_708,customer708@email.com,USA,2020-06-26 00:00:00,Bronze,8.85
1710,First_709,Last_709,customer709@email.com,UK,2020-06-26 06:00:00,Bronze,173.58
1711,First_710,Last_710,customer710@email.com,UK,2020-06-26 12:00:00,Gold,741.72
1712,First_711,Last_711,customer711@email.com,Canada,2020-06-26 18:00:00,Gold,364.86
1713,First_712,Last_712,customer712@email.com,Canada,2020-06-27 00:00:00,Bronze,213.93
1714,First_713,Last_713,customer713@email.com,Canada,2020-06-27 06:00:00,Silver,232.4
1715,First_714,Last_714,customer714@email.com,USA,2020-06-27 12:00:00,Gold,0.68
1716,First_715,Last_715,customer715@email.com,France,2020-06-27 18:00:00,Bronze,178.2
1717,First_716,Last_716,customer716@email.com,Germany,2020-06-28 00:00:00,Gold,519.88
1718,First_717,Last_717,customer717@email.com,France,2020-06-28 06:00:00,Bronze,1828.58
1719,First_718,Last_718,customer718@email.com,USA,2020-06-28 12:00:00,Bronze,938.86
1720,First_719,Last_719,customer719@email.com,UK,2020-06-28 18:00:00,Silver,11.94
1721,First_720,Last_720,customer720@email.com,France,2020-06-29 00:00:00,Gold,1144.15
1722,First_721,Last_721,customer721@email.com,USA,2020-06-29 06:00:00,Gold,764.39
1723,First_722,Last_722,customer722@email.com,USA,2020-06-29 12:00:00,Silver,757.92
1724,First_723,Last_723,customer723@email.com,UK,2020-06-29 18:00:00,Gold,306.24
1725,First_724,Last_724,customer724@email.com,Canada,2020-06-30 00:00:00,Bronze,253.75
1726,First_725,Last_725,customer725@email.com,Germany,2020-06-30 06:00:00,Gold,180.42
1727,First_726,Last_726,customer726@email.com,USA,2020-06-30 12:00:00,Bronze,33.98
1728,First_727,Last_727,customer727@email.com,UK,2020-06-30 18:00:00,Bronze,129.54
1729,First_728,Last_728,customer728@email.com,USA,2020-07-01 00:00:00,Bronze,141.58
1730,First_729,Last_729,customer729@email.com,USA,2020-07-01 06:00:00,Bronze,330.9
1731,First_730,Last_730,customer730@email.com,USA,2020-07-01 12:00:00,Silver,688.06
1732,First_731,Last_731,customer731@email.com,Germany,2020-07-01 18:00:00,Bronze,321.05
1733,First_732,Last_732,customer732@email.com,UK,2020-07-02 00:00:00,Bronze,29.79
1734,First_733,Last_733,customer733@email.com,Canada,2020-07-02 06:00:00,Silver,1582.55
1735,First_734,Last_734,customer734@email.com,USA,2020-07-02 12:00:00,Gold,1429.94
1736,First_735,Last_735,customer735@email.com,Germany,2020-07-02 18:00:00,Bronze,769.0
1737,First_736,Last_736,customer736@email.com,USA,2020-07-03 00:00:00,Silver,2373.82
1738,First_737,Last_737,customer737@email.com,Germany,2020-07-03 06:00:00,Gold,393.16
1739,First_738,Last_738,customer738@email.com,Canada,2020-07-03 12:00:00,Silver,1645.3
1740,First_739,Last_739,customer739@email.com,USA,2020-07-03 18:00:00,Silver,39.31
1741,First_740,Last_740,customer740@email.com,Canada,2020-07-04 00:00:00,Bronze,227.6
1742,First_741,Last_741,customer741@email.com,USA,2020-07-04 06:00:00,Bronze,127.69
1743,First_742,Last_742,customer742@email.com,UK,2020-07-04 12:00:00,Bronze,108.97
1744,First_743,Last_743,customer743@email.com,Canada,2020-07-04 18:00:00,Gold,75.88
1745,First_744,Last_744,customer744@email.com,USA,2020-07-05 00:00:00,Silver,486.98
1746,First_745,Last_745,customer745@email.com,Germany,2020-07-05 06:00:00,Silver,760.08
1747,First_746,Last_746,customer746@email.com,USA,2020-07-05 12:00:00,Gold,431.73
1748,First_747,Last_747,customer747@email.com,Canada,2020-07-05 18:00:00,Silver,79.48
1749,First_748,Last_748,customer748@email.com,France,2020-07-06 00:00:00,Bronze,833.33
1750,First_749,Last_749,customer749@email.com,UK,2020-07-06 06:00:00,Gold,505.24
1751,First_750,Last_750,customer750@email.com,USA,2020-07-06 12:00:00,Bronze,245.65
1752,First_751,Last_751,customer751@email.com,France,2020-07-06 18:00:00,Silver,560.63
1753,First_752,Last_752,customer752@email.com,UK,2020-07-07 00:00:00,Gold,150.49
1754,First_753,Last_753,customer753@email.com,USA,2020-07-07 06:00:00,Silver,211.71
1755,First_754,Last_754,customer754@email.com,USA,2020-07-07 12:00:00,Bronze,1247.39
1756,First_755,Last_755,customer755@email.com,UK,2020-07-07 18:00:00,Bronze,171.6
1757,First_756,Last_756,customer756@email.com,UK,2020-07-08 00:00:00,Bronze,317.43
1758,First_757,Last_757,customer757@email.com,Canada,2020-07-08 06:00:00,Silver,1104.28
1759,First_758,Last_758,customer758@email.com,Germany,2020-07-08 12:00:00,Gold,615.02
1760,First_759,Last_759,customer759@email.com,UK,2020-07-08 18:00:00,Bronze,32.11
1761,First_760,Last_760,customer760@email.com,USA,2020-07-09 00:00:00,Silver,79.68
1762,First_761,Last_761,customer761@email.com,USA,2020-07-09 06:00:00,Bronze,3.94
1763,First_762,Last_762,customer762@email.com,USA,2020-07-09 12:00:00,Gold,498.37
1764,First_763,Last_763,customer763@email.com,UK,2020-07-09 18:00:00,Silver,296.81
1765,First_764,Last_764,customer764@email.com,USA,2020-07-10 00:00:00,Gold,72.09
1766,First_765,Last_765,customer765@email.com,Canada,2020-07-10 06:00:00,Silver,1584.26
1767,First_766,Last_766,customer766@email.com,UK,2020-07-10 12:00:00,Bronze,377.15
1768,First_767,Last_767,customer767@email.com,Germany,2020-07-10 18:00:00,Silver,138.47
1769,First_768,Last_768,customer768@email.com,USA,2020-07-11 00:00:00,Silver,347.18
1770,First_769,Last_769,customer769@email.com,Germany,2020-07-11 06:00:00,Silver,569.12
1771,First_770,Last_770,customer770@email.com,USA,2020-07-11 12:00:00,Silver,39.65
1772,First_771,Last_771,customer771@email.com,Germany,2020-07-11 18:00:00,Bronze,160.59
1773,First_772,Last_772,customer772@email.com,USA,2020-07-12 00:00:00,Bronze,822.44
1774,First_773,Last_773,customer773@email.com,USA,2020-07-12 06:00:00,Bronze,307.78
1775,First_774,Last_774,customer774@email.com,UK,2020-07-12 12:00:00,Bronze,395.47
1776,First_775,Last_775,customer775@email.com,USA,2020-07-12 18:00:00,Silver,283.54
1777,First_776,Last_776,customer776@email.com,USA,2020-07-13 00:00:00,Bronze,22.45
1778,First_777,Last_777,customer777@email.com,UK,2020-07-13 06:00:00,Silver,90.61
1779,First_778,Last_778,customer778@email.com,UK,2020-07-13 12:00:00,Silver,294.88
1780,First_779,Last_779,customer779@email.com,UK,2020-07-13 18:00:00,Bronze,117.35
1781,First_780,Last_780,customer780@email.com,UK,2020-07-14 00:00:00,Gold,25.64
1782,First_781,Last_781,customer781@email.com,Canada,2020-07-14 06:00:00,Bronze,927.83
1783,First_782,Last_782,customer782@email.com,USA,2020-07-14 12:00:00,Silver,1986.75
1784,First_783,Last_783,customer783@email.com,USA,2020-07-14 18:00:00,Bronze,787.86
1785,First_784,Last_784,customer784@email.com,USA,2020-07-15 00:00:00,Bronze,961.34
1786,First_785,Last_785,customer785@email.com,France,2020-07-15 06:00:00,Bronze,138.52
1787,First_786,Last_786,customer786@email.com,Canada,2020-07-15 12:00:00,Bronze,1617.34
1788,First_787,Last_787,customer787@email.com,Canada,2020-07-15 18:00:00,Bronze,109.65
1789,First_788,Last_788,customer788@email.com,Canada,2020-07-16 00:00:00,Gold,1512.37
1790,First_789,Last_789,customer789@email.com,France,2020-07-16 06:00:00,Bronze,2631.41
1791,First_790,Last_790,customer790@email.com,USA,2020-07-16 12:00:00,Gold,621.92
1792,First_791,Last_791,customer791@email.com,Canada,2020-07-16 18:00:00,Bronze,1985.45
1793,First_792,Last_792,customer792@email.com,Canada,2020-07-17 00:00:00,Bronze,421.45
1794,First_793,Last_793,customer793@email.com,UK,2020-07-17 06:00:00,Bronze,150.24
1795,First_794,Last_794,customer794@email.com,USA,2020-07-17 12:00:00,Gold,287.23
1796,First_795,Last_795,customer795@email.com,Germany,2020-07-17 18:00:00,Gold,450.16
1797,First_796,Last_796,customer796@email.com,France,2020-07-18 00:00:00,Bronze,37.94
1798,First_797,Last_797,customer797@email.com,Canada,2020-07-18 06:00:00,Gold,486.88
1799,First_798,Last_798,customer798@email.com,UK,2020-07-18 12:00:00,Gold,1986.36
1800,First_799,Last_799,customer799@email.com,France,2020-07-18 18:00:00,Gold,105.43
1801,First_800,Last_800,customer800@email.com,UK,2020-07-19 00:00:00,Bronze,786.54
1802,First_801,Last_801,customer801@email.com,USA,2020-07-19 06:00:00,Bronze,1192.43
1803,First_802,Last_802,customer802@email.com,Canada,2020-07-19 12:00:00,Silver,1438.54
1804,First_803,Last_803,customer803@email.com,UK,2020-07-19 18:00:00,Silver,1611.14
1805,First_804,Last_804,customer804@email.com,Canada,2020-07-20 00:00:00,Silver,368.51
1806,First_805,Last_805,customer805@email.com,UK,2020-07-20 06:00:00,Bronze,1892.87
1807,First_806,Last_806,customer806@email.com,France,2020-07-20 12:00:00,Bronze,707.99
1808,First_807,Last_807,customer807@email.com,France,2020-07-20 18:00:00,Gold,88.17
1809,First_808,Last_808,customer808@email.com,Canada,2020-07-21 00:00:00,Gold,323.99
1810,First_809,Last_809,customer809@email.com,USA,2020-07-21 06:00:00,Gold,633.51
1811,First_810,Last_810,customer810@email.com,France,2020-07-21 12:00:00,Bronze,142.07
1812,First_811,Last_811,customer811@email.com,Germany,2020-07-21 18:00:00,Bronze,511.68
1813,First_812,Last_812,customer812@email.com,USA,2020-07-22 00:00:00,Silver,549.21
1814,First_813,Last_813,customer813@email.com,France,2020-07-22 06:00:00,Gold,88.79
1815,First_814,Last_814,customer814@email.com,Germany,2020-07-22 12:00:00,Gold,416.3
1816,First_815,Last_815,customer815@email.com,Canada,2020-07-22 18:00:00,Bronze,738.39
1817,First_816,Last_816,customer816@email.com,Canada,2020-07-23 00:00:00,Silver,345.47
1818,First_817,Last_817,customer817@email.com,USA,2020-07-23 06:00:00,Bronze,6.09
1819,First_818,Last_818,customer818@email.com,USA,2020-07-23 12:00:00,Bronze,4.54
1820,First_819,Last_819,customer819@email.com,USA,2020-07-23 18:00:00,Silver,220.83
1821,First_820,Last_820,customer820@email.com,Germany,2020-07-24 00:00:00,Silver,1303.16
1822,First_821,Last_821,customer821@email.com,USA,2020-07-24 06:00:00,Gold,129.82
1823,First_822,Last_822,customer822@email.com,USA,2020-07-24 12:00:00,Bronze,503.06
1824,First_823,Last_823,customer823@email.com,USA,2020-07-24 18:00:00,Bronze,125.56
1825,First_824,Last_824,customer824@email.com,Canada,2020-07-25 00:00:00,Bronze,194.06
1826,First_825,Last_825,customer825@email.com,France,2020-07-25 06:00:00,Bronze,942.08
1827,First_826,Last_826,customer826@email.com,USA,2020-07-25 12:00:00,Gold,652.56
1828,First_827,Last_827,customer827@email.com,USA,2020-07-25 18:00:00,Bronze,50.13
1829,First_828,Last_828,customer828@email.com,UK,2020-07-26 00:00:00,Bronze,279.92
1830,First_829,Last_829,customer829@email.com,Canada,2020-07-26 06:00:00,Silver,14.8
1831,First_830,Last_830,customer830@email.com,USA,2020-07-26 12:00:00,Bronze,327.82
1832,First_831,Last_831,customer831@email.com,Canada,2020-07-26 18:00:00,Bronze,543.0
1833,First_832,Last_832,customer832@email.com,USA,2020-07-27 00:00:00,Bronze,63.07
1834,First_833,Last_833,customer833@email.com,USA,2020-07-27 06:00:00,Bronze,170.46
1835,First_834,Last_834,customer834@email.com,Canada,2020-07-27 12:00:00,Bronze,253.61
1836,First_835,Last_835,customer835@email.com,Canada,2020-07-27 18:00:00,Bronze,1259.94
1837,First_836,Last_836,customer836@email.com,France,2020-07-28 00:00:00,Gold,2499.48
1838,First_837,Last_837,customer837@email.com,USA,2020-07-28 06:00:00,Silver,22.98
1839,First_838,Last_838,customer838@email.com,Canada,2020-07-28 12:00:00,Bronze,715.66
1840,First_839,Last_839,customer839@email.com,UK,2020-07-28 18:00:00,Silver,232.39
1841,First_840,Last_840,customer840@email.com,USA,2020-07-29 00:00:00,Silver,249.17
1842,First_841,Last_841,customer841@email.com,UK,2020-07-29 06:00:00,Silver,701.75
1843,First_842,Last_842,customer842@email.com,USA,2020-07-29 12:00:00,Silver,1253.12
1844,First_843,Last_843,customer843@email.com,France,2020-07-29 18:00:00,Bronze,1507.24
1845,First_844,Last_844,customer844@email.com,USA,2020-07-30 00:00:00,Bronze,430.34
1846,First_845,Last_845,customer845@email.com,Canada,2020-07-30 06:00:00,Silver,220.9
1847,First_846,Last_846,customer846@email.com,USA,2020-07-30 12:00:00,Gold,774.52
1848,First_847,Last_847,customer847@email.com,France,2020-07-30 18:00:00,Gold,144.51
1849,First_848,Last_848,customer848@email.com,Canada,2020-07-31 00:00:00,Bronze,415.14
1850,First_849,Last_849,customer849@email.com,Canada,2020-07-31 06:00:00,Bronze,222.03
1851,First_850,Last_850,customer850@email.com,USA,2020-07-31 12:00:00,Silver,534.47
1852,First_851,Last_851,customer851@email.com,UK,2020-07-31 18:00:00,Bronze,137.48
1853,First_852,Last_852,customer852@email.com,USA,2020-08-01 00:00:00,Bronze,106.34
1854,First_853,Last_853,customer853@email.com,Germany,2020-08-01 06:00:00,Bronze,1251.98
1855,First_854,Last_854,customer854@email.com,USA,2020-08-01 12:00:00,Bronze,53.68
1856,First_855,Last_855,customer855@email.com,USA,2020-08-01 18:00:00,Silver,352.57
1857,First_856,Last_856,customer856@email.com,USA,2020-08-02 00:00:00,Bronze,124.78
1858,First_857,Last_857,customer857@email.com,Canada,2020-08-02 06:00:00,Silver,19.85
1859,First_858,Last_858,customer858@email.com,Canada,2020-08-02 12:00:00,Bronze,18.34
1860,First_859,Last_859,customer859@email.com,USA,2020-08-02 18:00:00,Bronze,96.32
1861,First_860,Last_860,customer860@email.com,UK,2020-08-03 00:00:00,Bronze,1007.84
1862,First_861,Last_861,customer861@email.com,Canada,2020-08-03 06:00:00,Bronze,165.98
1863,First_862,Last_862,customer862@email.com,Canada,2020-08-03 12:00:00,Gold,1502.48
1864,First_863,Last_863,customer863@email.com,Canada,2020-08-03 18:00:00,Bronze,435.69
1865,First_864,Last_864,customer864@email.com,Canada,2020-08-04 00:00:00,Bronze,286.9
1866,First_865,Last_865,customer865@email.com,Canada,2020-08-04 06:00:00,Bronze,433.86
1867,First_866,Last_866,customer866@email.com,USA,2020-08-04 12:00:00,Gold,363.56
1868,First_867,Last_867,customer867@email.com,USA,2020-08-04 18:00:00,Gold,711.02
1869,First_868,Last_868,customer868@email.com,Germany,2020-08-05 00:00:00,Gold,165.99
1870,First_869,Last_869,customer869@email.com,France,2020-08-05 06:00:00,Bronze,217.74
1871,First_870,Last_870,customer870@email.com,USA,2020-08-05 12:00:00,Bronze,1122.6
1872,First_871,Last_871,customer871@email.com,USA,2020-08-05 18:00:00,Silver,1463.63
1873,First_872,Last_872,customer872@email.com,UK,2020-08-06 00:00:00,Bronze,1115.4
1874,First_873,Last_873,customer873@email.com,Canada,2020-08-06 06:00:00,Bronze,271.89
1875,First_874,Last_874,customer874@email.com,USA,2020-08-06 12:00:00,Bronze,757.9
1876,First_875,Last_875,customer875@email.com,USA,2020-08-06 18:00:00,Bronze,323.45
1877,First_876,Last_876,customer876@email.com,UK,2020-08-07 00:00:00,Bronze,344.12
1878,First_877,Last_877,customer877@email.com,UK,2020-08-07 06:00:00,Bronze,114.51
1879,First_878,Last_878,customer878@email.com,USA,2020-08-07 12:00:00,Silver,447.18
1880,First_879,Last_879,customer879@email.com,USA,2020-08-07 18:00:00,Bronze,102.98
1881,First_880,Last_880,customer880@email.com,USA,2020-08-08 00:00:00,Bronze,201.41
1882,First_881,Last_881,customer881@email.com,UK,2020-08-08 06:00:00,Bronze,965.61
1883,First_882,Last_882,customer882@email.com,USA,2020-08-08 12:00:00,Bronze,116.01
1884,First_883,Last_883,customer883@email.com,USA,2020-08-08 18:00:00,Bronze,36.91
1885,First_884,Last_884,customer884@email.com,UK,2020-08-09 00:00:00,Gold,35.75
1886,First_885,Last_885,customer885@email.com,USA,2020-08-09 06:00:00,Silver,1413.29
1887,First_886,Last_886,customer886@email.com,UK,2020-08-09 12:00:00,Gold,353.54
1888,First_887,Last_887,customer887@email.com,USA,2020-08-09 18:00:00,Silver,263.32
1889,First_888,Last_888,customer888@email.com,USA,2020-08-10 00:00:00,Bronze,832.68
1890,First_889,Last_889,customer889@email.com,USA,2020-08-10 06:00:00,Bronze,903.41
1891,First_890,Last_890,customer890@email.com,UK,2020-08-10 12:00:00,Gold,201.88
1892,First_891,Last_891,customer891@email.com,Germany,2020-08-10 18:00:00,Silver,591.46
1893,First_892,Last_892,customer892@email.com,Germany,2020-08-11 00:00:00,Bronze,737.28
1894,First_893,Last_893,customer893@email.com,USA,2020-08-11 06:00:00,Silver,531.6
1895,First_894,Last_894,customer894@email.com,UK,2020-08-11 12:00:00,Bronze,82.2
1896,First_895,Last_895,customer895@email.com,USA,2020-08-11 18:00:00,Bronze,1043.27
1897,First_896,Last_896,customer896@email.com,USA,2020-08-12 00:00:00,Bronze,387.28
1898,First_897,Last_897,customer897@email.com,Germany,2020-08-12 06:00:00,Gold,165.97
1899,First_898,Last_898,customer898@email.com,USA,2020-08-12 12:00:00,Silver,276.89
1900,First_899,Last_899,customer899@email.com,USA,2020-08-12 18:00:00,Bronze,19.15
1901,First_900,Last_900,customer900@email.com,USA,2020-08-13 00:00:00,Bronze,68.41
1902,First_901,Last_901,customer901@email.com,USA,2020-08-13 06:00:00,Gold,725.25
1903,First_902,Last_902,customer902@email.com,USA,2020-08-13 12:00:00,Bronze,0.01
1904,First_903,Last_903,customer903@email.com,Canada,2020-08-13 18:00:00,Gold,269.41
1905,First_904,Last_904,customer904@email.com,Canada,2020-08-14 00:00:00,Bronze,369.61
1906,First_905,Last_905,customer905@email.com,Germany,2020-08-14 06:00:00,Silver,28.09
1907,First_906,Last_906,customer906@email.com,Germany,2020-08-14 12:00:00,Bronze,1807.41
1908,First_907,Last_907,customer907@email.com,USA,2020-08-14 18:00:00,Silver,128.17
1909,First_908,Last_908,customer908@email.com,USA,2020-08-15 00:00:00,Silver,181.35
1910,First_909,Last_909,customer909@email.com,USA,2020-08-15 06:00:00,Gold,181.16
1911,First_910,Last_910,customer910@email.com,Canada,2020-08-15 12:00:00,Silver,130.95
1912,First_911,Last_911,customer911@email.com,USA,2020-08-15 18:00:00,Bronze,0.74
1913,First_912,Last_912,customer912@email.com,UK,2020-08-16 00:00:00,Bronze,653.45
1914,First_913,Last_913,customer913@email.com,Canada,2020-08-16 06:00:00,Silver,1703.29
1915,First_914,Last_914,customer914@email.com,Canada,2020-08-16 12:00:00,Silver,126.99
1916,First_915,Last_915,customer915@email.com,Canada,2020-08-16 18:00:00,Bronze,543.91
1917,First_916,Last_916,customer916@email.com,USA,2020-08-17 00:00:00,Bronze,677.2
1918,First_917,Last_917,customer917@email.com,France,2020-08-17 06:00:00,Bronze,943.34
1919,First_918,Last_918,customer918@email.com,UK,2020-08-17 12:00:00,Silver,274.64
1920,First_919,Last_919,customer919@email.com,USA,2020-08-17 18:00:00,Silver,180.44
1921,First_920,Last_920,customer920@email.com,Germany,2020-08-18 00:00:00,Bronze,196.74
1922,First_921,Last_921,customer921@email.com,Canada,2020-08-18 06:00:00,Gold,623.48
1923,First_922,Last_922,customer922@email.com,Germany,2020-08-18 12:00:00,Bronze,848.53
1924,First_923,Last_923,customer923@email.com,UK,2020-08-18 18:00:00,Silver,100.21
1925,First_924,Last_924,customer924@email.com,Canada,2020-08-19 00:00:00,Bronze,231.77
1926,First_925,Last_925,customer925@email.com,USA,2020-08-19 06:00:00,Gold,1161.09
1927,First_926,Last_926,customer926@email.com,USA,2020-08-19 12:00:00,Bronze,821.74
1928,First_927,Last_927,customer927@email.com,Canada,2020-08-19 18:00:00,Silver,2095.15
1929,First_928,Last_928,customer928@email.com,UK,2020-08-20 00:00:00,Bronze,701.72
1930,First_929,Last_929,customer929@email.com,USA,2020-08-20 06:00:00,Gold,249.77
1931,First_930,Last_930,customer930@email.com,USA,2020-08-20 12:00:00,Bronze,446.58
1932,First_931,Last_931,customer931@email.com,Germany,2020-08-20 18:00:00,Bronze,540.9
1933,First_932,Last_932,customer932@email.com,France,2020-08-21 00:00:00,Bronze,40.85
1934,First_933,Last_933,customer933@email.com,Canada,2020-08-21 06:00:00,Bronze,393.18
1935,First_934,Last_934,customer934@email.com,USA,2020-08-21 12:00:00,Bronze,617.77
1936,First_935,Last_935,customer935@email.com,USA,2020-08-21 18:00:00,Bronze,91.55
1937,First_936,Last_936,customer936@email.com,USA,2020-08-22 00:00:00,Silver,758.5
1938,First_937,Last_937,customer937@email.com,France,2020-08-22 06:00:00,Bronze,438.26
1939,First_938,Last_938,customer938@email.com,USA,2020-08-22 12:00:00,Silver,1520.59
1940,First_939,Last_939,customer939@email.com,Canada,2020-08-22 18:00:00,Gold,21.67
1941,First_940,Last_940,customer940@email.com,USA,2020-08-23 00:00:00,Gold,154.16
1942,First_941,Last_941,customer941@email.com,Canada,2020-08-23 06:00:00,Silver,460.09
1943,First_942,Last_942,customer942@email.com,UK,2020-08-23 12:00:00,Bronze,175.89
1944,First_943,Last_943,customer943@email.com,Germany,2020-08-23 18:00:00,Bronze,626.62
1945,First_944,Last_944,customer944@email.com,USA,2020-08-24 00:00:00,Bronze,711.49
1946,First_945,Last_945,customer945@email.com,USA,2020-08-24 06:00:00,Bronze,54.08
1947,First_946,Last_946,customer946@email.com,USA,2020-08-24 12:00:00,Silver,360.62
1948,First_947,Last_947,customer947@email.com,France,2020-08-24 18:00:00,Gold,355.54
1949,First_948,Last_948,customer948@email.com,Germany,2020-08-25 00:00:00,Silver,230.45
1950,First_949,Last_949,customer949@email.com,Canada,2020-08-25 06:00:00,Silver,1350.97
1951,First_950,Last_950,customer950@email.com,UK,2020-08-25 12:00:00,Gold,878.7
1952,First_951,Last_951,customer951@email.com,UK,2020-08-25 18:00:00,Silver,597.36
1953,First_952,Last_952,customer952@email.com,USA,2020-08-26 00:00:00,Bronze,626.45
1954,First_953,Last_953,customer953@email.com,France,2020-08-26 06:00:00,Bronze,309.68
1955,First_954,Last_954,customer954@email.com,Canada,2020-08-26 12:00:00,Bronze,1269.12
1956,First_955,Last_955,customer955@email.com,USA,2020-08-26 18:00:00,Bronze,593.06
1957,First_956,Last_956,customer956@email.com,Canada,2020-08-27 00:00:00,Bronze,652.78
1958,First_957,Last_957,customer957@email.com,USA,2020-08-27 06:00:00,Silver,989.13
1959,First_958,Last_958,customer958@email.com,USA,2020-08-27 12:00:00,Bronze,160.15
1960,First_959,Last_959,customer959@email.com,UK,2020-08-27 18:00:00,Bronze,822.72
1961,First_960,Last_960,customer960@email.com,USA,2020-08-28 00:00:00,Gold,108.61
1962,First_961,Last_961,customer961@email.com,UK,2020-08-28 06:00:00,Silver,211.82
1963,First_962,Last_962,customer962@email.com,USA,2020-08-28 12:00:00,Bronze,204.44
1964,First_963,Last_963,customer963@email.com,USA,2020-08-28 18:00:00,Silver,1920.44
1965,First_964,Last_964,customer964@email.com,USA,2020-08-29 00:00:00,Bronze,970.84
1966,First_965,Last_965,customer965@email.com,USA,2020-08-29 06:00:00,Bronze,603.94
1967,First_966,Last_966,customer966@email.com,UK,2020-08-29 12:00:00,Gold,649.25
1968,First_967,Last_967,customer967@email.com,USA,2020-08-29 18:00:00,Silver,412.85
1969,First_968,Last_968,customer968@email.com,Canada,2020-08-30 00:00:00,Silver,1469.59
1970,First_969,Last_969,customer969@email.com,Canada,2020-08-30 06:00:00,Gold,342.85
1971,First_970,Last_970,customer970@email.com,UK,2020-08-30 12:00:00,Gold,239.44
1972,First_971,Last_971,customer971@email.com,France,2020-08-30 18:00:00,Bronze,88.99
1973,First_972,Last_972,customer972@email.com,UK,2020-08-31 00:00:00,Silver,771.37
1974,First_973,Last_973,customer973@email.com,USA,2020-08-31 06:00:00,Bronze,662.96
1975,First_974,Last_974,customer974@email.com,USA,2020-08-31 12:00:00,Silver,242.54
1976,First_975,Last_975,customer975@email.com,USA,2020-08-31 18:00:00,Bronze,12.76
1977,First_976,Last_976,customer976@email.com,Canada,2020-09-01 00:00:00,Silver,913.17
1978,First_977,Last_977,customer977@email.com,USA,2020-09-01 06:00:00,Silver,5.74
1979,First_978,Last_978,customer978@email.com,Canada,2020-09-01 12:00:00,Bronze,608.19
1980,First_979,Last_979,customer979@email.com,Canada,2020-09-01 18:00:00,Bronze,1757.58
1981,First_980,Last_980,customer980@email.com,USA,2020-09-02 00:00:00,Gold,287.83
1982,First_981,Last_981,customer981@email.com,UK,2020-09-02 06:00:00,Bronze,133.92
1983,First_982,Last_982,customer982@email.com,USA,2020-09-02 12:00:00,Silver,610.17
1984,First_983,Last_983,customer983@email.com,USA,2020-09-02 18:00:00,Silver,849.48
1985,First_984,Last_984,customer984@email.com,UK,2020-09-03 00:00:00,Gold,395.3
1986,First_985,Last_985,customer985@email.com,Canada,2020-09-03 06:00:00,Gold,1706.16
1987,First_986,Last_986,customer986@email.com,UK,2020-09-03 12:00:00,Bronze,26.53
1988,First_987,Last_987,customer987@email.com,Canada,2020-09-03 18:00:00,Silver,351.39
1989,First_988,Last_988,customer988@email.com,USA,2020-09-04 00:00:00,Silver,633.73
1990,First_989,Last_989,customer989@email.com,Germany,2020-09-04 06:00:00,Bronze,992.58
1991,First_990,Last_990,customer990@email.com,UK,2020-09-04 12:00:00,Bronze,98.77
1992,First_991,Last_991,customer991@email.com,UK,2020-09-04 18:00:00,Gold,804.73
1993,First_992,Last_992,customer992@email.com,USA,2020-09-05 00:00:00,Bronze,402.27
1994,First_993,Last_993,customer993@email.com,Canada,2020-09-05 06:00:00,Gold,252.55
1995,First_994,Last_994,customer994@email.com,USA,2020-09-05 12:00:00,Bronze,70.62
1996,First_995,Last_995,customer995@email.com,USA,2020-09-05 18:00:00,Bronze,1002.34
1997,First_996,Last_996,customer996@email.com,France,2020-09-06 00:00:00,Bronze,85.56
1998,First_997,Last_997,customer997@email.com,USA,2020-09-06 06:00:00,Gold,185.38
1999,First_998,Last_998,customer998@email.com,France,2020-09-06 12:00:00,Gold,171.28
2000,First_999,Last_999,customer999@email.com,Canada,2020-09-06 18:00:00,Silver,1025.58
